Order;Family;Nr;;x;;
Lamiales;Acanthaceae;100;;Abietaceae; Pinaceae ;Pinales
Caryophyllales;Aizoaceae;1;;Abolbodaceae; Xyridaceae ;Poales
Liliales;Alstroemeriaceae;66;;Abrophyllaceae; Rousseaceae ;Asterales
Liliales;Amaranthaceae;26;;Acaciaceae; Fabaceae ;Fabales
Liliales;Anacardiaceae;3;;Acalyphaceae; Euphorbiaceae ;Malpighiales
Liliales;Annonaceae;9;;Acanthaceae ;;Lamiales
Liliales;Apocynaceae;1006;;Acanthochlamydaceae; Velloziaceae ;Pandanales
Liliales;Araceae;370;;Acarnaceae; Asteraceae ;Asterales
Liliales;Arecaceae;20;;Aceraceae; Sapindaceae ;Sapindales
Liliales;Aristolochiaceae;173;;Achariaceae ;;Malpighiales
Liliales;Asparagaceae;7;;Achatocarpaceae ;;Caryophyllales
Liliales;Asteraceae;702;;Achradaceae; Sapotaceae ;Ericales
Liliales;Basellaceae;13;;Achyranthaceae; Amaranthaceae ;Caryophyllales
Liliales;Begoniaceae;26;;Acmopylaceae; Podocarpaceae ;Cupressales
Liliales;Bignoniaceae;348;;Aconitaceae; Ranunculaceae ;Ranunculales
Liliales;Boraginaceae;25;;Acoraceae ;;Acorales
Liliales;Cactaceae;24;;Acristaceae; Arecaceae ;Arecales
Liliales;Calceolariaceae;11;;Acrostichaceae; Pteridaceae ;Polypodiales
Liliales;Calophyllaceae;3;;Actaeaceae; Ranunculaceae ;Ranunculales
Liliales;Campanulaceae;73;;Actinidiaceae ;;Ericales
Liliales;Cannabaceae;1;;Actiniopteridaceae; Pteridaceae ;Polypodiales
Liliales;Caprifoliaceae;11;;Actinotaceae; Apiaceae ;Apiales
Liliales;Caryophyllaceae;1;;Adenogrammaceae; Molluginaceae ;Caryophyllales
Liliales;Celastraceae;103;;Adiantaceae; Pteridaceae ;Polypodiales
Liliales;Cleomaceae;1;;Adoxaceae; Viburnaceae ;Dipsacales
Liliales;Clusiaceae;12;;Aegialitidaceae; Plumbaginaceae ;Caryophyllales
Liliales;Combretaceae;27;;Aegicerataceae; Primulaceae ;Ericales
Liliales;Commelinaceae;6;;Aegilopaceae; Poaceae ;Poales
Liliales;Connaraceae;75;;Aeginetiaceae; Orobanchaceae ;Lamiales
Liliales;Convolvulaceae;351;;Aegiphilaceae; Lamiaceae ;Lamiales
Liliales;Coriariaceae;1;;Aesculaceae; Sapindaceae ;Sapindales
Liliales;Cucurbitaceae;271;;Aextoxicaceae ;;Berberidopsidales
Liliales;Cyclanthaceae;50;;Agapanthaceae; Amaryllidaceae ;Asparagales
Liliales;Cyperaceae;10;;Agavaceae; Asparagaceae ;Asparagales
Liliales;Dichapetalaceae;7;;Agdestidaceae; Phytolaccaceae ;Caryophyllales
Liliales;Dilleniaceae;90;;Agialidaceae; Zygophyllaceae ;Zygophyllales
Liliales;Dioscoreaceae;245;;Agrimoniaceae; Rosaceae ;Rosales
Liliales;Ericaceae;98;;Agrostidaceae; Poaceae ;Poales
Liliales;Euphorbiaceae;151;;Ailanthaceae; Simaroubaceae ;Sapindales
Liliales;Fabaceae;628;;Aitoniaceae; Meliaceae ;Sapindales
Liliales;Gentianaceae;6;;Aizoaceae ;;Caryophyllales
Liliales;Gesneriaceae;96;;Ajugaceae; Lamiaceae ;Lamiales
Liliales;Griseliniaceae;1;;Akaniaceae ;;Brassicales
Liliales;Hernandiaceae;7;;Alangiaceae; Cornaceae ;Cornales
Liliales;Hydrangeaceae;4;;Alchemillaceae; Rosaceae ;Rosales
Liliales;Icacinaceae;10;;Aldrovandaceae; Droseraceae ;Caryophyllales
Liliales;Lamiaceae;47;;Alismataceae ;;Alismatales
Liliales;Lauraceae;2;;Alliaceae; Amaryllidaceae ;Asparagales
Liliales;Loasaceae;21;;Allioniaceae; Nyctaginaceae ;Caryophyllales
Liliales;Loganiaceae;68;;Allophylaceae; Sapindaceae ;Sapindales
Liliales;Lythraceae;1;;Alniphyllaceae; Styracaceae ;Ericales
Liliales;Malpighiaceae;548;;Aloaceae; Asphodelaceae ;Asparagales
Liliales;Malvaceae;7;;Alopecuraceae; Poaceae ;Poales
Liliales;Marantaceae;8;;Alpiniaceae; Zingiberaceae ;Zingiberales
Liliales;Marcgraviaceae;96;;Alseuosmiaceae ;;Asterales
Liliales;Melastomataceae;97;;Alsinaceae; Caryophyllaceae ;Caryophyllales
Liliales;Menispermaceae;163;;Alsodeiaceae; Violaceae ;Malpighiales
Liliales;Monimiaceae;1;;Alsophilaceae; Cyatheaceae ;Cyatheales
Liliales;Nyctaginaceae;15;;Alstroemeriaceae ;;Liliales
Liliales;Olacaceae;5;;Altingiaceae ;;Saxifragales
Liliales;Oleaceae;5;;Alzateaceae ;;Myrtales
Liliales;Onagraceae;6;;Amaranthaceae ;;Caryophyllales
Liliales;Orchidaceae;34;;Amaryllidaceae ;;Asparagales
Liliales;Orobanchaceae;2;;Amborellaceae ;;Amborellales
Liliales;Passifloraceae;412;;Ambrosiaceae; Asteraceae ;Asterales
Liliales;Petiveriaceae;6;;Amentotaxaceae; Taxaceae ;Cupressales
Liliales;Phyllanthaceae;2;;Ammanniaceae; Lythraceae ;Myrtales
Liliales;Phytolaccaceae;1;;Ammiaceae; Apiaceae ;Apiales
Liliales;Piperaceae;67;;Amomaceae; Zingiberaceae ;Zingiberales
Liliales;Plantaginaceae;6;;Ampelopsidaceae; Vitaceae ;Vitales
Liliales;Poaceae;100;;Amphorogynaceae; Santalaceae ;Santalales
Liliales;Polemoniaceae;17;;Amygdalaceae; Rosaceae ;Rosales
Liliales;Polygalaceae;59;;Amyridaceae; Rutaceae ;Sapindales
Liliales;Polygonaceae;15;;Anacampserotaceae ;;Caryophyllales
Liliales;Polypodiaceae;1;;Anacardiaceae ;;Sapindales
Liliales;Ranunculaceae;18;;Anagallidaceae; Primulaceae ;Ericales
Liliales;Rhamnaceae;33;;Anarthriaceae; Restionaceae ;Poales
Liliales;Rosaceae;48;;Anchusaceae; Boraginaceae ;Boraginales
Liliales;Rubiaceae;216;;Ancistrocladaceae ;;Caryophyllales
Liliales;Rutaceae;1;;Andromedaceae; Ericaceae ;Ericales
Liliales;Salicaceae;1;;Andropogonaceae; Poaceae ;Poales
Liliales;Sapindaceae;440;;Androstachyaceae; Picrodendraceae ;Malpighiales
Liliales;Schlegeliaceae;23;;Androsynaceae; Tecophilaeaceae ;Asparagales
Liliales;Scrophulariaceae;2;;Anemarrhenaceae; Asparagaceae ;Asparagales
Liliales;Siparunaceae;6;;Anemiaceae ;;Schizaeales
Liliales;Smilacaceae;65;;Anemonaceae; Ranunculaceae ;Ranunculales
Liliales;Solanaceae;139;;Angelicaceae; Apiaceae ;Apiales
Liliales;Stegnospermataceae;1;;Angeloniaceae; Plantaginaceae ;Lamiales
Liliales;Symplocaceae;1;;Angiopteridaceae; Marattiaceae ;Marattiales
Liliales;Thymelaeaceae;2;;Anisophylleaceae ;;Cucurbitales
Liliales;Trigoniaceae;23;;Annonaceae ;;Magnoliales
Liliales;Tropaeolaceae;52;;Anomochloaceae; Poaceae ;Poales
Liliales;Urticaceae;8;;Anopteraceae; Escalloniaceae ;Escalloniales
Liliales;Verbenaceae;13;;Anopteridaceae; Pteridaceae ;Polypodiales
Liliales;Viburnaceae;1;;Anrederaceae; Basellaceae ;Caryophyllales
Liliales;Violaceae;12;;Anthemidaceae; Asteroideae ;Asterales
Liliales;Vitaceae;84;;Anthericaceae; Asparagaceae ;Asparagales
Liliales;;;;Anthobolaceae; Opiliaceae ;Santalales
Liliales;;;;Anthoxanthaceae; Poaceae ;Poales
Liliales;;;;Antidesmataceae; Phyllanthaceae ;Malpighiales
Liliales;;;;Antirrhinaceae; Plantaginaceae ;Lamiales
Liliales;;;;Antoniaceae; Loganiaceae ;Gentianales
Liliales;;;;Antrophyaceae; Pteridaceae ;Polypodiales
Liliales;;;;Aparinaceae; Rubiaceae ;Gentianales
Liliales;;;;Aphanopetalaceae ;;Saxifragales
Liliales;;;;Aphloiaceae ;;Crossosomatales
Liliales;;;;Aphyllanthaceae; Asparagaceae ;Asparagales
Liliales;;;;Apiaceae ;;Apiales
Liliales;;;;Apocynaceae ;;Gentianales
Liliales;;;;Apodanthaceae ;;Cucurbitales
Liliales;;;;Aponogetonaceae ;;Alismatales
Liliales;;;;Aporusaceae; Phyllanthaceae ;Malpighiales
Liliales;;;;Aposeridaceae; Asteraceae ;Asterales
Liliales;;;;Apostasiaceae; Orchidaceae ;Asparagales
Liliales;;;;Aptandraceae ;;Santalales
Liliales;;;;Aquifoliaceae ;;Aquifoliales
Liliales;;;;Aquilariaceae; Thymelaeaceae ;Malvales
Liliales;;;;Aquilegiaceae; Ranunculaceae ;Ranunculales
Liliales;;;;Araceae ;;Alismatales
Liliales;;;;Arabidaceae; Brassicaceae ;Brassicales
Liliales;;;;Aragoaceae; Plantaginaceae ;Lamiales
Liliales;;;;Araliaceae ;;Apiales
Liliales;;;;Aralidiaceae; Torricelliaceae ;Apiales
Liliales;;;;Araucariaceae ;;Cupressales
Liliales;;;;Arbutaceae; Ericaceae ;Ericales
Liliales;;;;Arceuthidaceae; Cupressaceae ;Cupressales
Liliales;;;;Arceuthobiaceae; Santalaceae ;Santalales
Liliales;;;;Arctostaphylaceae; Ericaceae ;Ericales
Liliales;;;;Arctotidaceae; Asteraceae ;Asterales
Liliales;;;;Ardisiaceae; Primulaceae ;Ericales
Liliales;;;;Arecaceae ;;Arecales
Liliales;;;;Argophyllaceae ;;Asterales
Liliales;;;;Arisaraceae; Araceae ;Alismatales
Liliales;;;;Aristolochiaceae ;;Piperales
Liliales;;;;Aristoteliaceae; Elaeocarpaceae ;Oxalidales
Liliales;;;;Arjonaceae; Schoepfiaceae ;Santalales
Liliales;;;;Armeriaceae; Plumbaginaceae ;Caryophyllales
Liliales;;;;Artemisiaceae; Asteraceae ;Asterales
Liliales;;;;Arthrotaxidaceae; Cupressaceae ;Cupressales
Liliales;;;;Artocarpaceae; Moraceae ;Rosales
Liliales;;;;Arundinaceae; Poaceae ;Poales
Liliales;;;;Arundinellaceae; Poaceae ;Poales
Liliales;;;;Asaraceae; Aristolochiaceae ;Piperales
Liliales;;;;Asclepiadaceae; Apocynaceae ;Gentianales
Liliales;;;;Ascyraceae; Hypericaceae ;Malpighiales
Liliales;;;;Aspalathaceae; Fabaceae ;Fabales
Liliales;;;;Asparagaceae ;;Asparagales
Liliales;;;;Asperellaceae; Poaceae ;Poales
Liliales;;;;Asperulaceae; Rubiaceae ;Gentianales
Liliales;;;;Asphodelaceae ;;Asparagales
Liliales;;;;Aspidiaceae; Dryopteridaceae ;Polypodiales-eupolypod I
Liliales;;;;Aspidistraceae; Asparagaceae ;Asparagales
Liliales;;;;Aspleniaceae ;;eupolypod II
Liliales;;;;Asteliaceae ;;Asparagales
Liliales;;;;Asteraceae ;;Asterales
Liliales;;;;Asteranthaceae; Lecythidaceae ;Ericales
Liliales;;;;Asteropeiaceae ;;Caryophyllales
Liliales;;;;Astragalaceae; Fabaceae ;Fabales
Liliales;;;;Astrocarpaceae; Resedaceae ;Brassicales
Liliales;;;;Athanasiaceae; Asteraceae ;Asterales
Liliales;;;;Atherospermataceae ;;Laurales
Liliales;;;;Athyriaceae ;;eupolypod II
Liliales;;;;Atriplicaceae; Amaranthaceae ;Caryophyllales
Liliales;;;;Atropaceae; Solanaceae ;Solanales
Liliales;;;;Aucubaceae; Garryaceae ;Garryales
Liliales;;;;Aurantiaceae; Rutaceae ;Sapindales
Liliales;;;;Austrobaileyaceae ;;Austrobaileyales
Liliales;;;;Austrotaxaceae; Taxaceae ;Cupressales
Liliales;;;;Avenaceae; Poaceae ;Poales
Liliales;;;;Averrhoaceae; Oxalidaceae ;Oxalidales
Liliales;;;;Avetraceae; Dioscoreaceae ;Dioscoreales
Liliales;;;;Avicenniaceae; Acanthaceae ;Lamiales
Liliales;;;;Azaleaceae; Ericaceae ;Ericales
Liliales;;;;Azimaceae; Salvadoraceae ;Brassicales
Liliales;;;;Azollaceae; Salviniaceae ;Marsileales
Liliales;;;;Balanitaceae ; Zygophyllaceae ;Zygophyllales
Liliales;;;;Baeckeaceae; Myrtaceae ;Myrtales
Liliales;;;;Balanopaceae ;;Malpighiales
Liliales;;;;Balanophoraceae ;;Santalales
Liliales;;;;Balsameaceae; Burseraceae ;Sapindales
Liliales;;;;Balsaminaceae ;;Ericales
Liliales;;;;Bambusaceae; Poaceae ;Poales
Liliales;;;;Barbaceniaceae; Velloziaceae ;Pandanales
Liliales;;;;Barbeuiaceae ;;Caryophyllales
Liliales;;;;Barbeyaceae ;;Rosales
Liliales;;;;Barclayaceae; Nymphaeaceae ;Nymphaeales
Liliales;;;;Barringtoniaceae; Lecythidaceae ;Ericales
Liliales;;;;Basellaceae ;;Caryophyllales
Liliales;;;;Bataceae ;;Brassicales
Liliales;;;;Baueraceae; Cunoniaceae ;Oxalidales
Liliales;;;;Bauhiniaceae; Fabaceae ;Fabales
Liliales;;;;Baxteriaceae; Dasypogonaceae ;Arecales
Liliales;;;;Begoniaceae ;;Cucurbitales
Liliales;;;;Behniaceae; Asparagaceae ;Asparagales
Liliales;;;;Belangeraceae; Cunoniaceae ;Oxalidales
Liliales;;;;Belloniaceae; Gesneriaceae ;Lamiales
Liliales;;;;Bembiciaceae; Salicaceae ;Malpighiales
Liliales;;;;Berberidaceae ;;Ranunculales
Liliales;;;;Berberidopsidaceae ;;Berberidopsidales
Liliales;;;;Berryaceae; Malvaceae ;Malvales
Liliales;;;;Bersamaceae; Francoaceae ;Geraniales
Liliales;;;;Bertyaceae; Euphorbiaceae ;Malpighiales
Liliales;;;;Berzeliaceae; Bruniaceae ;Bruniales
Liliales;;;;Besleriaceae; Gesneriaceae ;Lamiales
Liliales;;;;Betaceae; Amaranthaceae ;Caryophyllales
Liliales;;;;Betulaceae ;;Fagales
Liliales;;;;Biebersteiniaceae ;;Sapindales
Liliales;;;;Bifariaceae; Santalaceae ;Santalales
Liliales;;;;Bignoniaceae ;;Lamiales
Liliales;;;;Bischofiaceae; Phyllanthaceae ;Malpighiales
Liliales;;;;Bixaceae ;;Malvales
Liliales;;;;Blakeaceae; Melastomataceae ;Myrtales
Liliales;;;;Blandfordiaceae ;;Asparagales
Liliales;;;;Blattiaceae; Lythraceae ;Myrtales
Liliales;;;;Blechnaceae ;;eupolypod II
Liliales;;;;Blepharocaryaceae; Anacardiaceae ;Sapindales
Liliales;;;;Blitaceae; Amaranthaceae ;Caryophyllales
Liliales;;;;Blyxaceae; Hydrocharitaceae ;Alismatales
Liliales;;;;Boerlagellaceae; Sapotaceae ;Ericales
Liliales;;;;Bogutchanthaceae ;fossil;"??""Hamamelidales"""
Liliales;;;;Bolbitidaceae; Dryopteridaceae ;Polypodiales-eupolypod I
Liliales;;;;Bolivaraceae; Oleaceae ;Lamiales
Liliales;;;;Bombacaceae; Malvaceae ;Malvales
Liliales;;;;Bonnetiaceae ;;Malpighiales
Liliales;;;;Bontiaceae; Scrophulariaceae ;Lamiales
Liliales;;;;Boopidaceae; Calyceraceae ;Asterales
Liliales;;;;Boraginaceae ;;Boraginales
Liliales;;;;Borassaceae; Arecaceae ;Arecales
Liliales;;;;Boroniaceae; Rutaceae ;Sapindales
Liliales;;;;Borthwickiaceae; Resedaceae ;Brassicales
Liliales;;;;Boryaceae ;;Asparagales
Liliales;;;;Botrychiaceae; Ophioglossaceae ;Ophioglossales
Liliales;;;;Botryodendraceae; Araliaceae ;Apiales
Liliales;;;;Bougainvilleaceae; Nyctaginaceae ;Caryophyllales
Liliales;;;;Boweniaceae; Zamiaceae ;Cycadales
Liliales;;;;Brassicaceae ;;Brassicales
Liliales;;;;Brachycaulaceae; Saxifragaceae ;Saxifragales
Liliales;;;;Bracteocarpaceae; Podocarpaceae ;Cupressales
Liliales;;;;Bretschneideraceae; Akaniaceae ;Brassicales
Liliales;;;;Brexiaceae; Celastraceae ;Celastrales
Liliales;;;;Bromaceae; Poaceae ;Poales
Liliales;;;;Bromeliaceae ;;Poales
Liliales;;;;Browalliaceae; Solanaceae ;Solanales
Liliales;;;;Brownlowiaceae; Malvaceae ;Malvales
Liliales;;;;Brunelliaceae ;;Oxalidales
Liliales;;;;Bruniaceae ;;Bruniales
Liliales;;;;Brunoniaceae; Goodeniaceae ;Asterales
Liliales;;;;Brunsvigiaceae; Amaryllidaceae ;Asparagales
Liliales;;;;Bryoniaceae; Cucurbitaceae ;Cucurbitales
Liliales;;;;Buchneraceae; Orobanchaceae ;Lamiales
Liliales;;;;Bucidaceae; Combretaceae ;Myrtales
Liliales;;;;Buddlejaceae; Scrophulariaceae ;Lamiales
Liliales;;;;Buglossaceae; Boraginaceae ;Boraginales
Liliales;;;;Bulbocodiaceae; Colchicaceae ;Liliales
Liliales;;;;Bumeliaceae; Sapotaceae ;Ericales
Liliales;;;;Bupleuraceae; Apiaceae ;Apiales
Liliales;;;;Burchardiaceae; Colchicaceae ;Liliales
Liliales;;;;Burmanniaceae ;;Dioscoreales
Liliales;;;;Burseraceae ;;Sapindales
Liliales;;;;Butneriaceae; Calycanthaceae ;Laurales
Liliales;;;;Butomaceae ;;Alismatales
Liliales;;;;Buxaceae ;;Buxales
Liliales;;;;Byblidaceae ;;Lamiales
Liliales;;;;Byttneriaceae; Malvaceae ;Malvales
Liliales;;;;Cabombaceae ;;Nymphaeales
Liliales;;;;Cacaoaceae; Malvaceae ;Malvales
Liliales;;;;Cactaceae ;;Caryophyllales
Liliales;;;;Caesalpiniaceae; Fabaceae ;Fabales
Liliales;;;;Caladiaceae; Araceae ;Alismatales
Liliales;;;;Calamaceae; Arecaceae ;Arecales
Liliales;;;;Calceolariaceae ;;Lamiales
Liliales;;;;Calectasiaceae; Dasypogonaceae ;Arecales
Liliales;;;;Calendulaceae; Asteraceae ;Asterales
Liliales;;;;Callaceae; Araceae ;Alismatales
Liliales;;;;Callicomaceae; Cunoniaceae ;Oxalidales
Liliales;;;;Calligonaceae; Polygonaceae ;Caryophyllales
Liliales;;;;Callitridaceae; Cupressaceae ;Cupressales
Liliales;;;;Callitrichaceae; Plantaginaceae ;Lamiales
Liliales;;;;Calochortaceae; Liliaceae ;Liliales
Liliales;;;;Calophyllaceae ;;Malpighiales
Liliales;;;;Calthaceae; Ranunculaceae ;Ranunculales
Liliales;;;;Calycanthaceae ;;Laurales
Liliales;;;;Calyceraceae ;;Asterales
Liliales;;;;Cambogiaceae; Clusiaceae ;Malpighiales
Liliales;;;;Camelliaceae; Theaceae ;Ericales
Liliales;;;;Campanulaceae ;;Asterales
Liliales;;;;Camptothecaceae; Nyssaceae ;Cornales
Liliales;;;;Campynemataceae ;;Liliales
Liliales;;;;Canacomyricaceae; Myricaceae ;Fagales
Liliales;;;;Canellaceae ;;Canellales
Liliales;;;;Cannabaceae ;;Rosales
Liliales;;;;Cannaceae ;;Zingiberales
Liliales;;;;Canopodaceae; Santalaceae ;Santalales
Liliales;;;;Canotiaceae; Celastraceae ;Celastrales
Liliales;;;;Cansjeraceae; Opiliaceae ;Santalales
Liliales;;;;Capparaceae ;;Brassicales
Liliales;;;;Caprariaceae; Scrophulariaceae ;Lamiales
Liliales;;;;Caprifoliaceae ;;Dipsacales
Liliales;;;;Cardiopteridaceae ;;Cardiopteridales
Liliales;;;;Carduaceae; Asteraceae ;Asterales
Liliales;;;;Caricaceae ;;Brassicales
Liliales;;;;Carissaceae; Apocynaceae ;Gentianales
Liliales;;;;Carlemanniaceae ;;Lamiales
Liliales;;;;Carlinaceae; Asteraceae ;Asterales
Liliales;;;;Carpinaceae; Betulaceae ;Fagales
Liliales;;;;Carpodetaceae; Rousseaceae ;Asterales
Liliales;;;;Cartonemataceae; Commelinaceae ;Commelinales
Liliales;;;;Caryocaraceae ;;Malpighiales
Liliales;;;;Caryophyllaceae ;;Caryophyllales
Liliales;;;;Cassiaceae; Fabaceae ;Fabales
Liliales;;;;Cassipoureaceae; Rhizophoraceae ;Malpighiales
Liliales;;;;Cassythaceae; Lauraceae ;Laurales
Liliales;;;;Castaneaceae; Fagaceae ;Fagales
Liliales;;;;Castelaceae; Simaroubaceae ;Sapindales
Liliales;;;;Casuarinaceae ;;Fagales
Liliales;;;;Catesbaeaceae; Rubiaceae ;Gentianales
Liliales;;;;Cathedraceae; Aptandraceae ;Santalales
Liliales;;;;Caucaulidaceae; Apiaceae ;Apiales
Liliales;;;;Cecropiaceae; Urticaceae ;Rosales
Liliales;;;;Cedraceae; Pinaceae ;Pinales
Liliales;;;;Cedrelaceae; Meliaceae ;Sapindales
Liliales;;;;Celastraceae ;;Celastrales
Liliales;;;;Celosiaceae; Amaranthaceae ;Caryophyllales
Liliales;;;;Celtidaceae; Cannabaceae ;Rosales
Liliales;;;;Centaureaceae; Asteraceae ;Asterales
Liliales;;;;Centrolepidaceae; Restionaceae ;Poales
Liliales;;;;Centroplacaceae ;;Malpighiales
Liliales;;;;Cepaceae; Amaryllidaceae ;Asparagales
Liliales;;;;Cephalanthaceae; Rubiaceae ;Gentianales
Liliales;;;;Cephalotaceae ;;Oxalidales
Liliales;;;;Cephalotaxaceae; Taxaceae ;Cupressales
Liliales;;;;Cerastiaceae; Caryophyllaceae ;Caryophyllales
Liliales;;;;Ceratoniaceae; Fabaceae ;Fabales
Liliales;;;;Ceratophyllaceae ;;Ceratophyllales
Liliales;;;;Ceratopteridaceae; Pteridaceae ;Polypodiales
Liliales;;;;Cerberaceae; Apocynaceae ;Gentianales
Liliales;;;;Cercidiphyllaceae ;;Saxifragales
Liliales;;;;Cercocarpaceae; Rosaceae ;Rosales
Liliales;;;;Cercodiaceae; Haloragaceae ;Saxifragales
Liliales;;;;Cereaceae; Cactaceae ;Caryophyllales
Liliales;;;;Cerinthaceae; Boraginaceae ;Boraginales
Liliales;;;;Ceroxylaceae; Arecaceae ;Arecales
Liliales;;;;Cervantesiaceae; Santalaceae ;Santalales
Liliales;;;;Cestraceae; Solanaceae ;Solanales
Liliales;;;;Cevalliaceae; Loasaceae ;Cornales
Liliales;;;;Chaeturaceae; Poaceae ;Poales
Liliales;;;;Chailletiaceae; Dichapetalaceae ;Malpighiales
Liliales;;;;Chamaedoraceae; Arecaceae ;Arecales
Liliales;;;;Chamaemoraceae; Rosaceae ;Rosales
Liliales;;;;Chamelauciaceae; Myrtaceae ;Myrtales
Liliales;;;;Chaunochitonaceae; Aptandraceae ;Santalales
Liliales;;;;Cheilanthaceae; Pteridaceae ;Polypodiales
Liliales;;;;Cheilosaceae; Euphorbiaceae ;Malpighiales
Liliales;;;;Cheiropleuriaceae; Dipteridaceae ;Gleicheniales
Liliales;;;;Chelidoniaceae; Papaveraceae ;Ranunculales
Liliales;;;;Chelonaceae; Plantaginaceae ;Lamiales
Liliales;;;;Chenopodiaceae; Amaranthaceae ;Caryophyllales
Liliales;;;;Chimonanthaceae; Calycanthaceae ;Laurales
Liliales;;;;Chingithamnaceae; Celastraceae ;Celastrales
Liliales;;;;Chionographidaceae; Melanthiaceae ;Liliales
Liliales;;;;Chiranthodendraceae; Malvaceae ;Malvales
Liliales;;;;Chironiaceae; Gentianaceae ;Gentianales
Liliales;;;;Chlaenaceae; Sarcolaenaceae ;Malvales
Liliales;;;;Chloanthaceae; Lamiaceae ;Lamiales
Liliales;;;;Chloranthaceae ;;Chloranthales
Liliales;;;;Chloridaceae; Poaceae ;Poales
Liliales;;;;Chlorogalaceae; Asparagaceae ;Asparagales
Liliales;;;;Christenseniaceae; Marattiaceae ;Marattiales
Liliales;;;;Chrysobalanaceae ;;Malpighiales
Liliales;;;;Chrysospleniaceae; Saxifragaceae ;Saxifragales
Liliales;;;;Cibotiaceae ;;Cyatheales
Liliales;;;;Ciceraceae; Fabaceae ;Fabales
Liliales;;;;Cichoriaceae; Asteraceae ;Asterales
Liliales;;;;Cimicifugaceae; Ranunculaceae ;Ranunculales
Liliales;;;;Cinchoniaceae; Rubiaceae ;Gentianales
Liliales;;;;Circaeaceae; Onagraceae ;Myrtales
Liliales;;;;Circaeasteraceae ;;Ranunculales
Liliales;;;;Cissaceae; Vitaceae ;Vitales
Liliales;;;;Cistaceae ;;Malvales
Liliales;;;;Citraceae; Rutaceae ;Sapindales
Liliales;;;;Clematidaceae; Ranunculaceae ;Ranunculales
Liliales;;;;Cleomaceae ;;Brassicales
Liliales;;;;Clethraceae ;;Ericales
Liliales;;;;Clusiaceae ;;Malpighiales
Liliales;;;;Cneoraceae; Rutaceae ;Sapindales
Liliales;;;;Cnestidaceae; Connaraceae ;Oxalidales
Liliales;;;;Cnicaceae; Asteraceae ;Asterales
Liliales;;;;Cobaeaceae; Polemoniaceae ;Ericales
Liliales;;;;Cochlospermaceae; Bixaceae ;Malvales
Liliales;;;;Codonaceae ;;Boraginales
Liliales;;;;Cocosaceae; Arecaceae ;Arecales
Liliales;;;;Coeleanthaceae; Poaceae ;Poales
Liliales;;;;Coffeaceae; Rubiaceae ;Gentianales
Liliales;;;;Colchicaceae ;;Liliales
Liliales;;;;Coldeniaceae; Cordiaceae ;Boraginales
Liliales;;;;Coleogynaceae; Rosaceae ;Rosales
Liliales;;;;Colocasiaceae; Araceae ;Alismatales
Liliales;;;;Columelliaceae ;;Desfontainiales
Liliales;;;;Comandraceae; Santalaceae ;Santalales
Liliales;;;;Combretaceae ;;Myrtales
Liliales;;;;Commelinaceae ;;Commelinales
Liliales;;;;Comocladiaceae; Anacardiaceae ;Sapindales
Liliales;;;;Compositae ;;Asterales
Liliales;;;;Compsoaceae; Calochortoideae ;Liliales
Liliales;;;;Conantheraceae; Tecophilaeaceae ;Asparagales
Liliales;;;;Connaraceae ;;Oxalidales
Liliales;;;;Conostylidaceae; Haemodoraceae ;Commelinales
Liliales;;;;Convallariaceae; Asparagaceae ;Asparagales
Liliales;;;;Convolvulaceae ;;Solanales
Liliales;;;;Corbichoniaceae; Lophiocarpaceae ;Caryophyllales
Liliales;;;;Cordiaceae ;;Boraginales
Liliales;;;;Coreopsidaceae; Asteraceae ;Asterales
Liliales;;;;Coriandraceae; Apiaceae ;Apiales
Liliales;;;;Coriariaceae ;;Cucurbitales
Liliales;;;;Coridaceae; Primulaceae ;Ericales
Liliales;;;;Corispermaceae; Amaranthaceae ;Caryophyllales
Liliales;;;;Cornaceae ;;Cornales
Liliales;;;;Corokiaceae; Argophyllaceae ;Asterales
Liliales;;;;Coronillaceae; Fabaceae ;Fabales
Liliales;;;;Correaceae; Rutaceae ;Sapindales
Liliales;;;;Corrigiolaceae; Caryophyllaceae ;Caryophyllales
Liliales;;;;Corsiaceae ;;Liliales
Liliales;;;;Corydalaceae; Papaveraceae ;Ranunculales
Liliales;;;;Corylaceae; Betulaceae ;Fagales
Liliales;;;;Corynocarpaceae ;;Cucurbitales
Liliales;;;;Coryphaceae; Arecaceae ;Arecales
Liliales;;;;Costaceae ;;Zingiberales
Liliales;;;;Cotyledonaceae; Crassulaceae ;Saxifragales
Liliales;;;;Coulaceae ;;Santalales
Liliales;;;;Coutariaceae; Rubiaceae ;Gentianales
Liliales;;;;Coutoubeaceae; Gentianaceae ;Gentianales
Liliales;;;;Crassulaceae ;;Saxifragales
Liliales;;;;Crescentiaceae; Bignoniaceae ;Lamiales
Liliales;;;;Cressaceae; Convolvulaceae ;Solanales
Liliales;;;;Crinaceae; Amaryllidaceae ;Asparagales
Liliales;;;;Crocaceae; Iridaceae ;Asparagales
Liliales;;;;Croomiaceae; Stemonaceae ;Pandanales
Liliales;;;;Crossosomataceae ;;Crossosomatales
Liliales;;;;Crotonaceae; Euphorbiaceae ;Malpighiales
Liliales;;;;Cruciferae ;;Brassicales
Liliales;;;;Cryptaceae; Elatinaceae ;Malpighiales
Liliales;;;;Crypteroniaceae ;;Myrtales
Liliales;;;;Cryptocorynaceae; Araceae ;Alismatales
Liliales;;;;Cryptogammaceae; Pteridaceae ;Polypodiales
Liliales;;;;Cryptomeriaceae; Cupressaceae ;Cupressales
Liliales;;;;Ctenolophonaceae ;;Malpighiales
Liliales;;;;Cucurbitaceae ;;Cucurbitales
Liliales;;;;Culcitaceae ;;Cyatheales
Liliales;;;;Cunninghamiaceae; Cupressaceae ;Cupressales
Liliales;;;;Cunoniaceae ;;Oxalidales
Liliales;;;;Cupressaceae ;;Cupressales
Liliales;;;;Curcumaceae; Zingiberaceae ;Zingiberales
Liliales;;;;Curtisiaceae ;;Cornales
Liliales;;;;Cuscutaceae; Convolvulaceae ;Solanales
Liliales;;;;Cyananthaceae; Campanulaceae ;Asterales
Liliales;;;;Cyanastraceae; Tecophilaeaceae ;Asparagales
Liliales;;;;Cynanchaceae; Apocynaceae ;Gentianales
Liliales;;;;Cyanellaceae; Tecophilaeaceae ;Asparagales
Liliales;;;;Cyatheaceae ;;Cyatheales
Liliales;;;;Cycadaceae ;;Cycadales
Liliales;;;;Cyclanthaceae ;;Pandanales
Liliales;;;;Cyclantheraceae; Cucurbitaceae ;Cucurbitales
Liliales;;;;Cyclocheilaceae; Orobanchaceae ;Lamiales
Liliales;;;;Cydoniaceae; Rosaceae ;Rosales
Liliales;;;;Cymodoceaceae ;;Alismatales
Liliales;;;;Cynaraceae; Asteraceae ;Asterales
Liliales;;;;Cynocrambaceae; Rubiaceae ;Gentianales
Liliales;;;;Cynodontaceae; Poaceae ;Poales
Liliales;;;;Cynoglossaceae; Boraginaceae ;Boraginales
Liliales;;;;Cynomoriaceae ;;Saxifragales
Liliales;;;;Cynosuraceae; Poaceae ;Poales
Liliales;;;;Cyperaceae ;;Poales
Liliales;;;;Cyphiaceae; Campanulaceae ;Asterales
Liliales;;;;Cyphocarpaceae; Campanulaceae ;Asterales
Liliales;;;;Cypripediaceae; Orchidaceae ;Asparagales
Liliales;;;;Cyrillaceae ;;Ericales
Liliales;;;;Cyrtandraceae; Gesneriaceae ;Lamiales
Liliales;;;;Cyrtanthaceae; Amaryllidaceae ;Asparagales
Liliales;;;;Cystodiaceae ;;Polypodiales
Liliales;;;;Cystopteridaceae ;;Polypodiales-eupolypod II
Liliales;;;;Cytinaceae ;;Malvales
Liliales;;;;Dacrycarpaceae ; Podocarpaceae ;Cupressales
Liliales;;;;Dactylanthaceae; Mystropetalaceae ;Santalales
Liliales;;;;Dalbergiaceae; Fabaceae ;Fabales
Liliales;;;;Daleaceae; Fabaceae ;Fabales
Liliales;;;;Damasoniaceae; Alismataceae ;Alismatales
Liliales;;;;Danaeaceae; Marattiaceae ;Marattiales
Liliales;;;;Daphnaceae; Thymelaeaceae ;Malvales
Liliales;;;;Daphniphyllaceae ;;Saxifragales
Liliales;;;;Dasypogonaceae ;;Arecales
Liliales;;;;Datiscaceae ;;Cucurbitales
Liliales;;;;Daturaceae; Solanaceae ;Solanales
Liliales;;;;Daucaceae; Apiaceae ;Apiales
Liliales;;;;Davalliaceae ;;Polypodiales-eupolypod I
Liliales;;;;Davidiaceae; Nyssaceae ;Cornales
Liliales;;;;Davidsoniaceae; Cunoniaceae ;Oxalidales
Liliales;;;;Decaisneaceae; Lardizabalaceae ;Ranunculales
Liliales;;;;Deeringiaceae; Amaranthaceae ;Caryophyllales
Liliales;;;;Degeneriaceae ;;Magnoliales
Liliales;;;;Delimaceae; Dilleniaceae ;Dilleniales
Liliales;;;;Delphiniaceae; Ranunculaceae ;Ranunculales
Liliales;;;;Dendrophthoaceae; Loranthaceae ;Santalales
Liliales;;;;Dennstaedtiaceae ;;Polypodiales
Liliales;;;;Desfontainiaceae; Columelliaceae ;Desfontainiales
Liliales;;;;Detariaceae; Fabaceae ;Fabales
Liliales;;;;Dialypetalanthaceae; Rubiaceae ;Gentianales
Liliales;;;;Dianellaceae; Asphodelaceae ;Asparagales
Liliales;;;;Dianthaceae; Caryophyllaceae ;Caryophyllales
Liliales;;;;Diapensiaceae ;;Ericales
Liliales;;;;Dichapetalaceae ;;Malpighiales
Liliales;;;;Dichondraceae; Convolvulaceae ;Solanales
Liliales;;;;Dicksoniaceae ;;Cyatheales
Liliales;;;;Diclidantheraceae; Polygalaceae ;Fabales
Liliales;;;;Dicrastylidiaceae; Lamiaceae ;Lamiales
Liliales;;;;Dictamnaceae; Rutaceae ;Sapindales
Liliales;;;;Didiereaceae ;;Caryophyllales
Liliales;;;;Didymelaceae; Buxaceae ;Buxales
Liliales;;;;Didymocarpaceae; Gesneriaceae ;Lamiales
Liliales;;;;Diegodendraceae; Bixaceae ;Malvales
Liliales;;;;Diervillaceae; Caprifoliaceae ;Dipsacales
Liliales;;;;Digitalidaceae; Plantaginaceae ;Lamiales
Liliales;;;;Dilatridaceae; Haemodoraceae ;Commelinales
Liliales;;;;Dilleniaceae ;;Dilleniales
Liliales;;;;Dioaceae; Zamiaceae ;Cycadales
Liliales;;;;Dionaeaceae; Droseraceae ;Caryophyllales
Liliales;;;;Dioncophyllaceae ;;Caryophyllales
Liliales;;;;Dioscoreaceae ;;Dioscoreales
Liliales;;;;Diosmaceae; Rutaceae ;Sapindales
Liliales;;;;Diospyraceae; Ebenaceae ;Ericales
Liliales;;;;Dipentodontaceae ;;Huerteales
Liliales;;;;Diphylleiaceae; Berberidaceae ;Ranunculales
Liliales;;;;Diplaziopsidaceae ;;eupolypod II
Liliales;;;;Diplolaenaceae; Rutaceae ;Sapindales
Liliales;;;;Dipsacaceae; Caprifoliaceae ;Dipsacales
Liliales;;;;Dipteridaceae ;;Gleicheniales
Liliales;;;;Dipterocarpaceae ;;Malvales
Liliales;;;;Dirachmaceae ;;Rosales
Liliales;;;;Disanthaceae; Hamamelidaceae ;Saxifragales
Liliales;;;;Diselmaceae; Cupressaceae ;Cupressales
Liliales;;;;Dodonaeaceae; Sapindaceae ;Sapindales
Liliales;;;;Dombeyaceae; Malvaceae ;Malvales
Liliales;;;;Donatiaceae; Stylidiaceae ;Asterales
Liliales;;;;Dorsteniaceae; Moraceae ;Rosales
Liliales;;;;Dortmannaceae; Campanulaceae ;Asterales
Liliales;;;;Doryanthaceae ;;Asparagales
Liliales;;;;Drabaceae; Brassicaceae ;Brassicales
Liliales;;;;Dracaenaceae; Asparagaceae ;Asparagales
Liliales;;;;Dracontiaceae; Araceae ;Alismatales
Liliales;;;;Drimyidaceae; Winteraceae ;Canellales
Liliales;;;;Droseraceae ;;Caryophyllales
Liliales;;;;Drosophyllaceae ;;Caryophyllales
Liliales;;;;Dryadaceae; Rosaceae ;Rosales
Liliales;;;;Drynariaceae; Polypodiaceae ;Polypodiales-eupolypod I
Liliales;;;;Dryopteridaceae ;;Polypodiales-eupolypod I
Liliales;;;;Duabangaceae; Lythraceae ;Myrtales
Liliales;;;;Duckeodendraceae; Solanaceae ;Solanales
Liliales;;;;Dulongiaceae; Phyllonomaceae ;Aquifoliales
Liliales;;;;Durantaceae; Verbenaceae ;Lamiales
Liliales;;;;Durionaceae; Malvaceae ;Malvales
Liliales;;;;Dysphaniaceae; Amaranthaceae ;Caryophyllales
Liliales;;;;Ebenaceae ;;Ericales
Liliales;;;;Eccremidaceae; Asphodelaceae ;Asparagales
Liliales;;;;Ecdeiocoleaceae ;;Poales
Liliales;;;;Echiaceae; Boraginaceae ;Boraginales
Liliales;;;;Echinariaceae; Poaceae ;Poales
Liliales;;;;Echinopaceae; Asteraceae ;Asterales
Liliales;;;;Ehretiaceae ;;Boraginales
Liliales;;;;Ehrhartaceae; Poaceae ;Poales
Liliales;;;;Elaeagnaceae ;;Rosales
Liliales;;;;Elaeocarpaceae ;;Oxalidales
Liliales;;;;Elaphoglossaceae; Dryopteridaceae ;Polypodiales-eupolypod I
Liliales;;;;Elegiaceae; Restionaceae ;Poales
Liliales;;;;Elatinaceae ;;Malpighiales
Liliales;;;;Ellisiaceae; Hydrophyllaceae ;Boraginales
Liliales;;;;Ellisiophyllaceae; Plantaginaceae ;Lamiales
Liliales;;;;Elodeaceae; Hydrocharitaceae ;Alismatales
Liliales;;;;Elytranthaceae; Loranthaceae ;Santalales
Liliales;;;;Embeliaceae; Primulaceae ;Ericales
Liliales;;;;Emblingiaceae ;;Brassicales
Liliales;;;;Emmotaceae; Metteniusaceae ;Metteniusales
Liliales;;;;Empetraceae; Ericaceae ;Ericales
Liliales;;;;Encephalartaceae; Zamiaceae ;Cycadales
Liliales;;;;Engelhardtiaceae; Juglandaceae ;Fagales
Liliales;;;;Enhalaceae; Hydrocharitaceae ;Alismatales
Liliales;;;;Epacridaceae; Ericaceae ;Ericales
Liliales;;;;Ephedraceae ;;Gnetales
Liliales;;;;Ephemeranthaceae; Commelinaceae ;Commelinales
Liliales;;;;Epilobiaceae; Onagraceae ;Myrtales
Liliales;;;;Epimediaceae; Berberidaceae ;Ranunculales
Liliales;;;;Equisetaceae ;;Equisetales
Liliales;;;;Eragrostidaceae; Poaceae ;Poales
Liliales;;;;Eremolepidaceae; Santalaceae ;Santalales
Liliales;;;;Eremosynaceae; Escalloniaceae ;Escalloniales
Liliales;;;;Ericaceae ;;Ericales
Liliales;;;;Erinaceae; Orobanchaceae ;Lamiales
Liliales;;;;Eriocaulaceae ;;Poales
Liliales;;;;Eriogonaceae; Polygonaceae ;Caryophyllales
Liliales;;;;Eriospermaceae; Asparagaceae ;Asparagales
Liliales;;;;Erodiaceae; Geraniaceae ;Geraniales
Liliales;;;;Erycibaceae; Convolvulaceae ;Solanales
Liliales;;;;Eryngiaceae; Apiaceae ;Apiales
Liliales;;;;Erysimaceae; Brassicaceae ;Brassicales
Liliales;;;;Erythroniaceae; Liliaceae ;Liliales
Liliales;;;;Erythropalaceae ;;Santalales
Liliales;;;;Erythrospermaceae; Achariaceae ;Malpighiales
Liliales;;;;Erythroxylaceae ;;Malpighiales
Liliales;;;;Escalloniaceae ;;Escalloniales
Liliales;;;;Eschscholziaceae; Papaveraceae ;Ranunculales
Liliales;;;;Eucomidaceae; Asparagaceae ;Asparagales
Liliales;;;;Eucommiaceae ;;Garryales
Liliales;;;;Eucryphiaceae; Cunoniaceae ;Oxalidales
Liliales;;;;Eugeniaceae; Myrtaceae ;Myrtales
Liliales;;;;Euonymaceae; Celastraceae ;Celastrales
Liliales;;;;Eupatoriaceae; Asteraceae ;Asterales
Liliales;;;;Euphorbiaceae ;;Malpighiales
Liliales;;;;Euphrasiaceae; Orobanchaceae ;Lamiales
Liliales;;;;Euphroniaceae ;;Malpighiales
Liliales;;;;Eupomatiaceae ;;Magnoliales
Liliales;;;;Eupteleaceae ;;Ranunculales
Liliales;;;;Euryalaceae; Nymphaeaceae ;Nymphaeales
Liliales;;;;Eustrephaceae; Asparagaceae ;Asparagales
Liliales;;;;Euthemidaceae; Ochnaceae ;Malpighiales
Liliales;;;;Eutocaceae; Hydrophyllaceae ;Boraginales
Liliales;;;;Evolvulaceae; Convolvulaceae ;Solanales
Liliales;;;;Exbucklandiaceae; Hamamelidaceae ;Saxifragales
Liliales;;;;Exocarpaceae; Santalaceae ;Santalales
Liliales;;;;Fabaceae ;;Fabales
Liliales;;;;Fagaceae ;;Fagales
Liliales;;;;Falcatifoliaceae; Podocarpaceae ;Cupressales
Liliales;;;;Ferulaceae; Apiaceae ;Apiales
Liliales;;;;Festucaceae; Poaceae ;Poales
Liliales;;;;Ficaceae; Moraceae ;Rosales
Liliales;;;;Ficoidaceae; Aizoaceae ;Caryophyllales
Liliales;;;;Filicaceae; Dryopteridaceae ;Polypodiales-eupolypod I
Liliales;;;;Fitzroyaceae; Cupressaceae ;Cupressales
Liliales;;;;Flacourtiaceae; Salicaceae ;Malpighiales
Liliales;;;;Flagellariaceae ;;Poales
Liliales;;;;Flindersiaceae; Rutaceae ;Sapindales
Liliales;;;;Foetidiaceae; Lecythidaceae ;Ericales
Liliales;;;;Forestieraceae; Oleaceae ;Lamiales
Liliales;;;;Fothergillaceae; Hamamelidaceae ;Saxifragales
Liliales;;;;Fouquieriaceae ;;Ericales
Liliales;;;;Fragariaceae; Rosaceae ;Rosales
Liliales;;;;Francoaceae ;;Geraniales
Liliales;;;;Frangulaceae; Rhamnaceae ;Rosales
Liliales;;;;Frankeniaceae ;;Caryophyllales
Liliales;;;;Fraxinaceae; Oleaceae ;Lamiales
Liliales;;;;Fraxinellaceae; Rutaceae ;Sapindales
Liliales;;;;Freycinetiaceae; Pandanaceae ;Pandanales
Liliales;;;;Fritillariaceae; Liliaceae ;Liliales
Liliales;;;;Fuchsiaceae; Onagraceae ;Myrtales
Liliales;;;;Fumariaceae; Papaveraceae ;Ranunculales
Liliales;;;;Funkiaceae; Asparagaceae ;Asparagales
Liliales;;;;Gaiadendraceae ; Loranthaceae ;Santalales
Liliales;;;;Galacinaceae; Diapensiaceae ;Ericales
Liliales;;;;Galanthaceae; Amaryllidaceae ;Asparagales
Liliales;;;;Galaxiaceae; Iridaceae ;Asparagales
Liliales;;;;Galedupaceae; Fabaceae ;Fabales
Liliales;;;;Galeniaceae; Aizoaceae ;Caryophyllales
Liliales;;;;Galiaceae; Rubiaceae ;Gentianales
Liliales;;;;Garciniaceae; Clusiaceae ;Malpighiales
Liliales;;;;Gardeniaceae; Rubiaceae ;Gentianales
Liliales;;;;Gardneriaceae; Loganiaceae ;Gentianales
Liliales;;;;Garryaceae ;;Garryales
Liliales;;;;Geissolomataceae ;;Crossosomatales
Liliales;;;;Geitonoplesiaceae; Asphodelaceae ;Asparagales
Liliales;;;;Gelsemiaceae ;;Gentianales
Liliales;;;;Geniostomataceae; Loganiaceae ;Gentianales
Liliales;;;;Gentianaceae ;;Gentianales
Liliales;;;;Geoffroeaceae; Fabaceae ;Fabales
Liliales;;;;Geonomataceae; Arecaceae ;Arecales
Liliales;;;;Geosiridaceae; Iridaceae ;Asparagales
Liliales;;;;Geraniaceae ;;Geraniales
Liliales;;;;Gerrardinaceae ;;Huerteales
Liliales;;;;Gesneriaceae ;;Lamiales
Liliales;;;;Gethyllidaceae; Amaryllidaceae ;Asparagales
Liliales;;;;Gilliesiaceae; Amaryllidaceae ;Asparagales
Liliales;;;;Ginalloaceae; Santalaceae ;Santalales
Liliales;;;;Ginkgoaceae ;;Ginkgoales
Liliales;;;;Gisekiaceae ;;Caryophyllales
Liliales;;;;Gladiolaceae; Iridaceae ;Asparagales
Liliales;;;;Glaucidiaceae; Ranunculaceae ;Ranunculales
Liliales;;;;Glechomaceae; Lamiaceae ;Lamiales
Liliales;;;;Gleicheniaceae ;;Gleicheniales
Liliales;;;;Glinaceae; Molluginaceae ;Caryophyllales
Liliales;;;;Globulariaceae; Plantaginaceae ;Lamiales
Liliales;;;;Glyceriaceae; Poaceae ;Poales
Liliales;;;;Gnaphaliaceae; Asteraceae ;Asterales
Liliales;;;;Gnetaceae ;;Gnetales
Liliales;;;;Gnidiaceae; Thymelaeaceae ;Malvales
Liliales;;;;Goetzeaceae; Solanaceae ;Solanales
Liliales;;;;Gomortegaceae ;;Laurales
Liliales;;;;Gomphiaceae; Ochnaceae ;Malpighiales
Liliales;;;;Gomphrenaceae; Amaranthaceae ;Caryophyllales
Liliales;;;;Gonystylaceae; Thymelaeaceae ;Malvales
Liliales;;;;Goodeniaceae ;;Asterales
Liliales;;;;Gordoniaceae; Theaceae ;Ericales
Liliales;;;;Gouaniaceae; Rhamnaceae ;Rosales
Liliales;;;;Goupiaceae ;;Malpighiales
Liliales;;;;Gramineae ;;Poales
Liliales;;;;Grammitidaceae; Polypodiaceae ;Polypodiales-eupolypod I
Liliales;;;;Gratiolaceae; Plantaginaceae ;Lamiales
Liliales;;;;Grewiaceae; Malvaceae ;Malvales
Liliales;;;;Greyiaceae; Francoaceae ;Geraniales
Liliales;;;;Grielaceae; Neuradaceae ;Malvales
Liliales;;;;Grindeliaceae; Asteraceae ;Asterales
Liliales;;;;Griseliniaceae ;;Apiales
Liliales;;;;Gronoviaceae; Loasaceae ;Cornales
Liliales;;;;Grossulariaceae ;;Saxifragales
Liliales;;;;Grubbiaceae ;;Cornales
Liliales;;;;Guaiacanaceae; Ebenaceae ;Ericales
Liliales;;;;Guamatelaceae ;;Crossosomatales
Liliales;;;;Guettardaceae; Rubiaceae ;Gentianales
Liliales;;;;Gunneraceae ;;Gunnerales
Liliales;;;;Gustaviaceae; Lecythidaceae ;Ericales
Liliales;;;;Guttiferae; Clusiaceae ;Malpighiales
Liliales;;;;Gymnogrammitidaceae; Polypodiaceae ;Polypodiales-eupolypod I
Liliales;;;;Gyrocarpaceae; Hernandiaceae ;Laurales
Liliales;;;;Gyrostemonaceae ;;Brassicales
Liliales;;;;Hachetteaceae ; Mystropetalaceae ;Santalales
Liliales;;;;Haemanthaceae; Amaryllidaceae ;Asparagales
Liliales;;;;Haemodoraceae ;;Commelinales
Liliales;;;;Halesiaceae; Styracaceae ;Ericales
Liliales;;;;Halleriaceae; Stilbaceae ;Lamiales
Liliales;;;;Halocarpaceae; Podocarpaceae ;Cupressales
Liliales;;;;Halophilaceae; Hydrocharitaceae ;Alismatales
Liliales;;;;Halophytaceae ;;Caryophyllales
Liliales;;;;Haloragaceae ;;Saxifragales
Liliales;;;;Hamamelidaceae ;;Saxifragales
Liliales;;;;Hameliaceae; Rubiaceae ;Gentianales
Liliales;;;;Hanguanaceae ;;Commelinales
Liliales;;;;Haptanthaceae; Buxaceae;Buxales
Liliales;;;;Harmandiaceae; Aptandraceae ;Santalales
Liliales;;;;Hebenstretiaceae; Scrophulariaceae ;Lamiales
Liliales;;;;Hectorellaceae; Montiaceae ;Caryophyllales
Liliales;;;;Hederaceae; Araliaceae ;Apiales
Liliales;;;;Hedyosmaceae; Chloranthaceae ;Chloranthales
Liliales;;;;Hedyotidaceae; Rubiaceae ;Gentianales
Liliales;;;;Hedysaraceae; Fabaceae ;Fabales
Liliales;;;;Heisteriaceae; Erythropalaceae ;Santalales
Liliales;;;;Heleniaceae; Asteraceae ;Asterales
Liliales;;;;Heliamphoraceae; Sarraceniaceae ;Ericales
Liliales;;;;Helianthaceae; Asteraceae ;Asterales
Liliales;;;;Helianthemaceae; Cistaceae ;Malvales
Liliales;;;;Helichrysaceae; Asteraceae ;Asterales
Liliales;;;;Heliconiaceae ;;Zingiberales
Liliales;;;;Helicteraceae; Malvaceae ;Malvales
Liliales;;;;Heliotropiaceae ;;Boraginales
Liliales;;;;Helleboraceae; Ranunculaceae ;Ranunculales
Liliales;;;;Helmithostachyaceae; Ophioglossaceae ;Ophioglossales
Liliales;;;;Heloniadaceae; Melanthiaceae ;Liliales
Liliales;;;;Helosidaceae; Balanophoraceae ;Santalales
Liliales;;;;Helwingiaceae ;;Aquifoliales
Liliales;;;;Hemerocallidaceae; Asphodelaceae ;Asparagales
Liliales;;;;Hemidictyaceae ;;Polypodiales-eupolypod II
Liliales;;;;Hemionotidaceae; Pteridaceae ;Polypodiales
Liliales;;;;Hemimeridaceae; Scrophulariaceae ;Lamiales
Liliales;;;;Hemiphylacaceae; Asparagaceae ;Asparagales
Liliales;;;;Henriqueziaceae; Rubiaceae ;Gentianales
Liliales;;;;Henslowiaceae; Crypteroniaceae ;Myrtales
Liliales;;;;Hermanniaceae; Malvaceae ;Malvales
Liliales;;;;Hernandiaceae ;;Laurales
Liliales;;;;Herniariaceae; Caryophyllaceae ;Caryophyllales
Liliales;;;;Herreriaceae; Asparagaceae ;Asparagales
Liliales;;;;Hesperocallidaceae; Asparagaceae ;Asparagales
Liliales;;;;Heterantheraceae; Pontederiaceae ;Commelinales
Liliales;;;;Heteropyxidaceae; Myrtaceae ;Myrtales
Liliales;;;;Heterostylaceae; Juncaginaceae ;Alismatales
Liliales;;;;Hewardiaceae; Iridaceae ;Asparagales
Liliales;;;;Hibbertiaceae; Dilleniaceae ;Dilleniales
Liliales;;;;Hibiscaceae; Malvaceae ;Malvales
Liliales;;;;Hilleriaceae; Petiveriaceae ;Caryophyllales
Liliales;;;;Himantandraceae ;;Magnoliales
Liliales;;;;Hippocastanaceae; Sapindaceae ;Sapindales
Liliales;;;;Hippocrateaceae; Celastraceae ;Celastrales
Liliales;;;;Hippomanaceae; Euphorbiaceae ;Malpighiales
Liliales;;;;Hippophaeaceae; Elaeagnaceae ;Rosales
Liliales;;;;Hippuridaceae; Plantaginaceae ;Lamiales
Liliales;;;;Hirtellaceae; Chrysobalanaceae ;Malpighiales
Liliales;;;;Holacanthaceae; Simaroubaceae ;Sapindales
Liliales;;;;Holcaceae; Poaceae ;Poales
Liliales;;;;Homaliaceae; Salicaceae ;Malpighiales
Liliales;;;;Hopkinsiaceae; Restionaceae ;Poales
Liliales;;;;Hoplestigmataceae; Cordiaceae ;Boraginales
Liliales;;;;Hordeaceae; Poaceae ;Poales
Liliales;;;;Hornschuchiaceae; Annonaceae ;Magnoliales
Liliales;;;;Hortensiaceae; Hydrangeaceae ;Cornales
Liliales;;;;Hortoniaceae; Monimiaceae ;Laurales
Liliales;;;;Hostaceae; Asparagaceae ;Asparagales
Liliales;;;;Hottoniaceae; Primulaceae ;Ericales
Liliales;;;;Houstoniaceae; Rubiaceae ;Gentianales
Liliales;;;;Huaceae ;;Oxalidales
Liliales;;;;Huerteaceae; Tapisciaceae ;Huerteales
Liliales;;;;Hugoniaceae; Linaceae ;Malpighiales
Liliales;;;;Humbertiaceae; Convolvulaceae ;Solanales
Liliales;;;;Humiriaceae ;;Malpighiales
Liliales;;;;Humulaceae; Cannabaceae ;Rosales
Liliales;;;;Hyacinthaceae; Asparagaceae ;Asparagales
Liliales;;;;Hydatellaceae ;;Nymphaeales
Liliales;;;;Hydnoraceae; Aristolochiaceae ;Piperales
Liliales;;;;Hydrangeaceae ;;Cornales
Liliales;;;;Hydrastidaceae; Ranunculaceae ;Ranunculales
Liliales;;;;Hydrillaceae; Hydrocharitaceae ;Alismatales
Liliales;;;;Hydrocharitaceae ;;Alismatales
Liliales;;;;Hydroceraceae; Balsaminaceae ;Ericales
Liliales;;;;Hydrocotylaceae; Araliaceae ;Apiales
Liliales;;;;Hydrogetonaceae; Potamogetonaceae ;Alismatales
Liliales;;;;Hydroleaceae ;;Solanales
Liliales;;;;Hydropeltidaceae; Cabombaceae ;Nymphaeales
Liliales;;;;Hydrophylacaceae; Rubiaceae ;Gentianales
Liliales;;;;Hydrophyllaceae ;;Boraginales
Liliales;;;;Hydrostachyaceae ;;Cornales
Liliales;;;;Hymenocardiaceae; Phyllanthaceae ;Malpighiales
Liliales;;;;Hymenophyllaceae ;;Hymenophyllales
Liliales;;;;Hymenophyllopsidaceae; Cyatheaceae ;Cyatheales
Liliales;;;;Hyoscyamaceae; Solanaceae ;Solanales
Liliales;;;;Hypecoaceae; Papaveraceae ;Ranunculales
Liliales;;;;Hyperantheraceae; Moringaceae ;Brassicales
Liliales;;;;Hypericaceae ;;Malpighiales
Liliales;;;;Hypodematiaceae ;;Polypodiales-eupolypod I
Liliales;;;;Hypolepidaceae; Dennstaedtiaceae ;Polypodiales
Liliales;;;;Hypopityaceae; Ericaceae ;Ericales
Liliales;;;;Hypoxidaceae ;;Asparagales
Liliales;;;;Hypseocharitaceae; Geraniaceae ;Geraniales
Liliales;;;;Icacinaceae ;;Icacinales
Liliales;;;;Idiospermaceae; Calycanthaceae ;Laurales
Liliales;;;;Illecebraceae; Caryophyllaceae ;Caryophyllales
Liliales;;;;Ilicaceae; Aquifoliaceae ;Aquifoliales
Liliales;;;;Illiciaceae; Schisandraceae ;Austrobaileyales
Liliales;;;;Illigeraceae; Hernandiaceae ;Laurales
Liliales;;;;Impatientaceae; Balsaminaceae ;Ericales
Liliales;;;;Imperatoriaceae; Apiaceae ;Apiales
Liliales;;;;Inocarpaceae; Fabaceae ;Fabales
Liliales;;;;Inulaceae; Asteraceae ;Asterales
Liliales;;;;Iodaceae; Icacinaceae ;Icacinales
Liliales;;;;Ionidiaceae; Violaceae ;Malpighiales
Liliales;;;;Iriarteaceae; Arecaceae ;Arecales
Liliales;;;;Iridaceae ;;Asparagales
Liliales;;;;Irvingiaceae ;;Malpighiales
Liliales;;;;Isatidaceae; Brassicaceae ;Brassicales
Liliales;;;;Isnardiaceae; Onagraceae ;Myrtales
Liliales;;;;Isoëtaceae ;;Lycopodiales
Liliales;;;;Isophysidaceae; Iridaceae ;Asparagales
Liliales;;;;Iteaceae ;;Saxifragales
Liliales;;;;Ivaceae; Asteraceae ;Asterales
Liliales;;;;Ixerbaceae; Strasburgeriaceae ;Crossosomatales
Liliales;;;;Ixiaceae; Iridaceae ;Asparagales
Liliales;;;;Ixioliriaceae ;;Asparagales
Liliales;;;;Ixonanthaceae ;;Malpighiales
Liliales;;;;Jalapaceae ; Nyctaginaceae ;Caryophyllales
Liliales;;;;Jamboliferaceae; Rutaceae ;Sapindales
Liliales;;;;Japonoliriaceae; Petrosaviaceae ;Petrosaviales
Liliales;;;;Jasionaceae; Campanulaceae ;Asterales
Liliales;;;;Jasminiaceae; Oleaceae ;Lamiales
Liliales;;;;Johnsoniaceae; Asphodelaceae ;Asparagales
Liliales;;;;Joinvilleaceae ;;Poales
Liliales;;;;Juglandaceae ;;Fagales
Liliales;;;;Julianiaceae; Anacardiaceae ;Sapindales
Liliales;;;;Juncaceae ;;Poales
Liliales;;;;Juncaginaceae ;;Alismatales
Liliales;;;;Juniperaceae; Cupressaceae ;Cupressales
Liliales;;;;Jussiaeaceae; Onagraceae ;Myrtales
Liliales;;;;Justiciaceae; Acanthaceae ;Lamiales
Liliales;;;;Kadsuraceae ; Schisandraceae ;Austrobaileyales
Liliales;;;;Kaliphoraceae; Montiniaceae ;Solanales
Liliales;;;;Kalmiaceae; Ericaceae ;Ericales
Liliales;;;;Kaniaceae; Myrtaceae ;Myrtales
Liliales;;;;Kasicarpaceae ;;fossil_Sarbaicarpales_??near_Hamamelidales
Liliales;;;;Kewaceae ;;Caryophyllales
Liliales;;;;Kiggelariaceae; Achariaceae ;Malpighiales
Liliales;;;;Kingdoniaceae; Circaeasteraceae ;Ranunculales
Liliales;;;;Kingiaceae; Dasypogonaceae ;Arecales
Liliales;;;;Kirengeshomaceae; Hydrangeaceae ;Cornales
Liliales;;;;Kirkiaceae ;;Sapindales
Liliales;;;;Kobresiaceae; Cyperaceae ;Poales
Liliales;;;;Koeberliniaceae ;;Brassicales
Liliales;;;;Koelreuteriaceae; Sapindaceae ;Sapindales
Liliales;;;;Krameriaceae ;;Zygophyllales
Liliales;;;;Labiatae ;;Lamiales
Liliales;;;;Lacandoniaceae; Triuridaceae ;Pandanales
Liliales;;;;Lachenaliaceae; Asparagaceae ;Asparagales
Liliales;;;;Lacistemataceae ;;Malpighiales
Liliales;;;;Lactoridaceae; Aristolochiaceae ;Piperales
Liliales;;;;Lactucaceae; Asteraceae ;Asterales
Liliales;;;;Lagerstroemiaceae; Lythraceae ;Myrtales
Liliales;;;;Lagoeciaceae; Apiaceae ;Apiales
Liliales;;;;Laguraceae; Poaceae ;Poales
Liliales;;;;Lamiaceae ;;Lamiales
Liliales;;;;Lanariaceae ;;Asparagales
Liliales;;;;Langsdorffiaceae; Balanophoraceae ;Santalales
Liliales;;;;Lantanaceae; Verbenaceae ;Lamiales
Liliales;;;;Lapageriaceae; Philesiaceae ;Liliales
Liliales;;;;Lardizabalaceae ;;Ranunculales
Liliales;;;;Lasiaceae; Araceae ;Alismatales
Liliales;;;;Lasiopetalaceae; Malvaceae ;Malvales
Liliales;;;;Lauraceae ;;Laurales
Liliales;;;;Lawsoniaceae; Lythraceae ;Myrtales
Liliales;;;;Laxmanniaceae; Asparagaceae ;Asparagales
Liliales;;;;Lecythidaceae ;;Ericales
Liliales;;;;Ledaceae; Ericaceae ;Ericales
Liliales;;;;Ledocarpaceae; Francoaceae ;Geraniales
Liliales;;;;Leeaceae; Vitaceae ;Vitales
Liliales;;;;Legnotidaceae; Rhizophoraceae ;Malpighiales
Liliales;;;;Leguminosae; Fabaceae ;Fabales
Liliales;;;;Leitneriaceae; Simaroubaceae ;Sapindales
Liliales;;;;Lemnaceae; Araceae ;Alismatales
Liliales;;;;Lennoaceae; Ehretiaceae ;Boraginales
Liliales;;;;Lentibulariaceae ;;Lamiales
Liliales;;;;Lentiscaceae; Anacardiaceae ;Sapindales
Liliales;;;;Leoniaceae; Violaceae ;Malpighiales
Liliales;;;;Leonticaceae; Berberidaceae ;Ranunculales
Liliales;;;;Lepidobotryaceae ;;Celastrales
Liliales;;;;Lepidocarpaceae; Proteaceae ;Proteales
Liliales;;;;Lepidocaryaceae; Arecaceae ;Arecales
Liliales;;;;Lepidocerataceae; Santalaceae ;Santalales
Liliales;;;;Lepidothamnaceae; Podocarpaceae ;Cupressales
Liliales;;;;Leptaulaceae; Cardiopteridaceae ;Cardiopteridales
Liliales;;;;Leptospermaceae; Myrtaceae ;Myrtales
Liliales;;;;Lepturaceae; Poaceae ;Poales
Liliales;;;;Lepuropetalaceae; Celastraceae ;Celastrales
Liliales;;;;Leucojaceae; Amaryllidaceae ;Asparagales
Liliales;;;;Leuctenbergiaceae; Cactaceae ;Caryophyllales
Liliales;;;;Libocedraceae; Cupressaceae ;Cupressales
Liliales;;;;Licaniaceae; Chrysobalanaceae ;Malpighiales
Liliales;;;;Ligustraceae; Oleaceae ;Lamiales
Liliales;;;;Lilaeaceae; Juncaginaceae ;Alismatales
Liliales;;;;Liliaceae ;;Liliales
Liliales;;;;Limeaceae ;;Caryophyllales
Liliales;;;;Limnanthaceae ;;Brassicales
Liliales;;;;Limnocharitaceae; Alismataceae ;Alismatales
Liliales;;;;Limnnopityaceae; Cupressaceae ;Cupressales
Liliales;;;;Limodoraceae; Orchidaceae ;Asparagales
Liliales;;;;Limoniaceae; Plumbaginaceae ;Caryophyllales
Liliales;;;;Limosellaceae; Scrophulariaceae ;Lamiales
Liliales;;;;Linaceae ;;Malpighiales
Liliales;;;;Linariaceae; Plantaginaceae ;Lamiales
Liliales;;;;Lindenbergiaceae; Orobanchaceae ;Lamiales
Liliales;;;;Linderniaceae ;;Lamiales
Liliales;;;;Lindleyaceae; Rosaceae ;Rosales
Liliales;;;;Lindsaeaceae ;;Polypodiales
Liliales;;;;Linnaeaceae; Caprifoliaceae ;Dipsacales
Liliales;;;;Liparidaceae; Orchidaceae ;Asparagales
Liliales;;;;Lippayaceae; Rubiaceae ;Gentianales
Liliales;;;;Liriaceae; Liliaceae ;Liliales
Liliales;;;;Liriodendraceae; Magnoliaceae ;Magnoliales
Liliales;;;;Lissocarpaceae; Ebenaceae ;Ericales
Liliales;;;;Littorellaceae; Plantaginaceae ;Lamiales
Liliales;;;;Loasaceae ;;Cornales
Liliales;;;;Lobeliaceae; Campanulaceae ;Asterales
Liliales;;;;Loganiaceae ;;Gentianales
Liliales;;;;Loliaceae; Poaceae ;Poales
Liliales;;;;Lomandraceae; Asparagaceae ;Asparagales
Liliales;;;;Lomariopsidaceae ;;Polypodiales-eupolypod I
Liliales;;;;Lonchitidaceae ;;Polypodiales
Liliales;;;;Loniceraceae; Caprifoliaceae ;Dipsacales
Liliales;;;;Lopeziaceae; Onagraceae ;Myrtales
Liliales;;;;Lophiocarpaceae ;;Caryophyllales
Liliales;;;;Lophiolaceae; Nartheciaceae ;Dioscoreales
Liliales;;;;Lophiraceae; Ochnaceae ;Malpighiales
Liliales;;;;Lophophytaceae; Balanophoraceae ;Santalales
Liliales;;;;Lophopyxidaceae ;;Malpighiales
Liliales;;;;Lophosoriaceae; Dicksoniaceae ;Cyatheales
Liliales;;;;Loranthaceae ;;Santalales
Liliales;;;;Lotaceae; Fabaceae ;Fabales
Liliales;;;;Lowiaceae ;;Zingiberales
Liliales;;;;Loxogrammaceae; Polypodiaceae ;Polypodiales-eupolypod I
Liliales;;;;Loxsomataceae ;;Cyatheales
Liliales;;;;Lupulaceae; Cannabaceae ;Rosales
Liliales;;;;Luxemburgiaceae; Ochnaceae ;Malpighiales
Liliales;;;;Luzuriagaceae; Alstroemeriaceae ;Liliales
Liliales;;;;Lychnidaceae; Caryophyllaceae ;Caryophyllales
Liliales;;;;Lyciaceae; Solanaceae ;Solanales
Liliales;;;;Lycopodiaceae ;;Lycopodiales
Liliales;;;;Lyginiaceae; Restionaceae ;Poales
Liliales;;;;Lygodiaceae ;;Schizaeales
Liliales;;;;Lygodisodeaceae; Rubiaceae ;Gentianales
Liliales;;;;Lysimachiaceae; Primulaceae ;Ericales
Liliales;;;;Lythraceae ;;Myrtales
Liliales;;;;Macarisiaceae ; Rhizophoraceae ;Malpighiales
Liliales;;;;Macarthuriaceae ;;Caryophyllales
Liliales;;;;Mackinlayaceae; Apiaceae ;Apiales
Liliales;;;;Madiaceae; Asteraceae ;Asterales
Liliales;;;;Maesaceae; Primulaceae ;Ericales
Liliales;;;;Magnoliaceae ;;Magnoliales
Liliales;;;;Malaceae; Rosaceae ;Rosales
Liliales;;;;Malesherbiaceae; Passifloraceae ;Malpighiales
Liliales;;;;Malortieaceae; Arecaceae ;Arecales
Liliales;;;;Malpighiaceae ;;Malpighiales
Liliales;;;;Malvaceae ;;Malvales
Liliales;;;;Mangiaceae; Rhizophoraceae ;Malpighiales
Liliales;;;;Manicariaceae; Arecaceae ;Arecales
Liliales;;;;Mansoniaceae; Malvaceae ;Malvales
Liliales;;;;Mapaniaceae; Cyperaceae ;Poales
Liliales;;;;Marantaceae ;;Zingiberales
Liliales;;;;Marathraceae; Podostemaceae ;Malpighiales
Liliales;;;;Marcgraviaceae ;;Ericales
Liliales;;;;Marsileaceae ;;Marsileales
Liliales;;;;Marattiaceae ;;Marattiales
Liliales;;;;Martyniaceae ;;Lamiales
Liliales;;;;Mastixiaceae; Nyssaceae ;Cornales
Liliales;;;;Matoniaceae ;;Gleicheniales
Liliales;;;;Matricariaceae; Asteraceae ;Asterales
Liliales;;;;Maundiaceae ;;Alismatales
Liliales;;;;Mayacaceae ;;Poales
Liliales;;;;Mazaceae ;;Lamiales
Liliales;;;;Medeolaceae; Liliaceae ;Liliales
Liliales;;;;Medusagynaceae; Ochnaceae ;Malpighiales
Liliales;;;;Medusandraceae; Peridiscaceae ;Saxifragales
Liliales;;;;Melaleucaceae; Myrtaceae ;Myrtales
Liliales;;;;Melampyraceae; Orobanchaceae ;Lamiales
Liliales;;;;Melanophyllaceae; Torricelliaceae ;Apiales
Liliales;;;;Melanthiaceae ;;Liliales
Liliales;;;;Melastomataceae ;;Myrtales
Liliales;;;;Meliaceae ;;Sapindales
Liliales;;;;Melianthaceae; Greyiaceae ;Geraniales
Liliales;;;;Melicaceae; Poaceae ;Poales
Liliales;;;;Meliosmaceae; Sabiaceae ;Proteales
Liliales;;;;Melittidaceae; Lamiaceae ;Lamiales
Liliales;;;;Melochiaceae; Malvaceae ;Malvales
Liliales;;;;Memecylaceae; Melastomataceae ;Myrtales
Liliales;;;;Mendonciaceae; Acanthaceae ;Lamiales
Liliales;;;;Menispermaceae ;;Ranunculales
Liliales;;;;Menthaceae; Lamiaceae ;Lamiales
Liliales;;;;Menyanthaceae ;;Asterales
Liliales;;;;Menzieziaceae; Ericaceae ;Ericales
Liliales;;;;Mercurialaceae; Euphorbiaceae ;Malpighiales
Liliales;;;;Merenderaceae; Colchicaceae ;Liliales
Liliales;;;;Mesembryaceae; Aizoaceae ;Caryophyllales
Liliales;;;;Mesembryanthemaceae; Aizoaceae ;Caryophyllales
Liliales;;;;Mespilaceae; Rosaceae ;Rosales
Liliales;;;;Metasequioaceae; Cupressaceae ;Cupressales
Liliales;;;;Metaxyaceae ;;Cyatheales
Liliales;;;;Metteniusaceae ;;Metteniusales
Liliales;;;;Meyeniaceae; Acanthaceae ;Lamiales
Liliales;;;;Miconiaceae; Melastomataceae ;Myrtales
Liliales;;;;Micrantheaceae; Picrodendraceae ;Malpighiales
Liliales;;;;Microbiotaceae; Cupressaceae ;Cupressales
Liliales;;;;Microcachrydaceae; Podocarpaceae ;Cupressales
Liliales;;;;Microcycadaceae; Zamiaceae ;Cycadales
Liliales;;;;Microstrobaceae; Podocarpaceae ;Cupressales
Liliales;;;;Microteaceae ;;Caryophyllales
Liliales;;;;Miliaceae; Poaceae ;Poales
Liliales;;;;Milulaceae; Amaryllidaceae ;Asparagales
Liliales;;;;Mimosaceae; Fabaceae ;Fabales
Liliales;;;;Minuartiaceae; Caryophyllaceae ;Caryophyllales
Liliales;;;;Mirabilidaceae; Nyctaginaceae ;Caryophyllales
Liliales;;;;Misodendraceae ;;Santalales
Liliales;;;;Mitrastemonaceae ;;Ericales
Liliales;;;;Miyoshiaceae; Petrosaviaceae ;Petrosaviales
Liliales;;;;Modeccaceae; Passifloraceae ;Malpighiales
Liliales;;;;Molluginaceae ;;Caryophyllales
Liliales;;;;Monardaceae; Lamiaceae ;Lamiales
Liliales;;;;Monimiaceae ;;Laurales
Liliales;;;;Monodoraceae; Annonaceae ;Magnoliales
Liliales;;;;Monotaceae; Dipterocarpaceae ;Malvales
Liliales;;;;Monotropaceae; Ericaceae ;Ericales
Liliales;;;;Monsteraceae; Araceae ;Alismatales
Liliales;;;;Montiaceae ;;Caryophyllales
Liliales;;;;Montiniaceae ;;Solanales
Liliales;;;;Montsechiaceae (extinct);;Ceratophyllales
Liliales;;;;Moraceae ;;Rosales
Liliales;;;;Moreniaceae; Arecaceae ;Arecales
Liliales;;;;Morinaceae; Caprifoliaceae ;Dipsacales
Liliales;;;;Moringaceae ;;Brassicales
Liliales;;;;Mouririaceae; Melastomataceae ;Myrtales
Liliales;;;;Moutabeaceae; Polygalaceae ;Fabales
Liliales;;;;Muntingiaceae ;;Malvales
Liliales;;;;Musaceae ;;Zingiberales
Liliales;;;;Mutisiaceae; Asteraceae ;Asterales
Liliales;;;;Myodocarpaceae ;;Apiales
Liliales;;;;Myoporaceae; Scrophulariaceae ;Lamiales
Liliales;;;;Myricaceae ;;Fagales
Liliales;;;;Myriophyllaceae; Haloragaceae ;Saxifragales
Liliales;;;;Myristicaceae ;;Magnoliales
Liliales;;;;Myrobalanaceae; Combretaceae ;Myrtales
Liliales;;;;Myrothamnaceae ;;Gunnerales
Liliales;;;;Myrrhiniaceae; Myrtaceae ;Myrtales
Liliales;;;;Myrsinaceae; Primulaceae ;Ericales
Liliales;;;;Myrtaceae ;;Myrtales
Liliales;;;;Mystropetalaceae ;;Santalales
Liliales;;;;Nageiaceae ; Podocarpaceae ;Cupressales
Liliales;;;;Najadaceae; Hydrocharitaceae ;Alismatales
Liliales;;;;Namaceae ;;Boraginales
Liliales;;;;Nandinaceae; Berberidaceae ;Ranunculales
Liliales;;;;Nanodeaceae; Santalaceae ;Santalales
Liliales;;;;Napoleonaeaceae; Lecythidaceae ;Ericales
Liliales;;;;Nartheciaceae ;;Dioscoreales
Liliales;;;;Narcissaceae; Amaryllidaceae ;Asparagales
Liliales;;;;Nardaceae; Poaceae ;Poales
Liliales;;;;Nassauviaceae; Asteraceae ;Asterales
Liliales;;;;Naucleaceae; Rubiaceae ;Gentianales
Liliales;;;;Nectaropetalaceae; Erythroxylaceae ;Malpighiales
Liliales;;;;Negripteridaceae; Pteridaceae ;Polypodiales
Liliales;;;;Neilliaceae; Rosaceae ;Rosales
Liliales;;;;Nelsoniaceae; Acanthaceae ;Lamiales
Liliales;;;;Nelumbonaceae ;;Proteales
Liliales;;;;Nemacladaceae; Campanulaceae ;Asterales
Liliales;;;;Neocallitropsidaceae; Cupressaceae ;Cupressales
Liliales;;;;Neottiaceae; Orchidaceae ;Asparagales
Liliales;;;;Nepenthaceae ;;Caryophyllales
Liliales;;;;Nepetaceae; Lamiaceae ;Lamiales
Liliales;;;;Nephrolepidaceae ;;Polypodiales-eupolypod I
Liliales;;;;Nesogenaceae; Orobanchaceae ;Lamiales
Liliales;;;;Neuradaceae ;;Malvales
Liliales;;;;Neuwiediaceae; Orchidaceae ;Asparagales
Liliales;;;;Nhandirobaceae; Cucurbitaceae ;Cucurbitales
Liliales;;;;Nicotianaceae; Solanaceae ;Solanales
Liliales;;;;Nigellaceae; Ranunculaceae ;Ranunculales
Liliales;;;;Nitrariaceae ;;Sapindales
Liliales;;;;Nolanaceae; Solanaceae ;Solanales
Liliales;;;;Nolinaceae; Asparagaceae ;Asparagales
Liliales;;;;Nonateliaceae; Rubiaceae ;Gentianales
Liliales;;;;Nopaleaceae; Cactaceae ;Caryophyllales
Liliales;;;;Noranteaceae; Marcgraviaceae ;Ericales
Liliales;;;;Nothofagaceae ;;Fagales
Liliales;;;;Nupharaceae; Nymphaeaceae ;Nymphaeales
Liliales;;;;Nuytsiaceae; Loranthaceae ;Santalales
Liliales;;;;Nyctaginaceae ;;Caryophyllales
Liliales;;;;Nyctanthaceae; Oleaceae ;Lamiales
Liliales;;;;Nymphaeaceae ;;Nymphaeales
Liliales;;;;Nypaceae; Arecaceae ;Arecales
Liliales;;;;Nyssaceae ;;Cornales
Liliales;;;;Obolariaceae ; Gentianaceae ;Gentianales
Liliales;;;;Ochnaceae ;;Malpighiales
Liliales;;;;Ochranthaceae; Staphyleaceae ;Crossosomatales
Liliales;;;;Octoknemaceae ;;Santalales
Liliales;;;;Oenotheraceae; Onagraceae ;Myrtales
Liliales;;;;Oftiaceae; Scrophulariaceae ;Lamiales
Liliales;;;;Olacaceae ;;Santalales
Liliales;;;;Oleaceae ;;Lamiales
Liliales;;;;Oleandraceae ;;Polypodiales-eupolypod I
Liliales;;;;Oliniaceae; Penaeaceae ;Myrtales
Liliales;;;;Olyraceae; Poaceae ;Poales
Liliales;;;;Onagraceae ;;Myrtales
Liliales;;;;Oncothecaceae ;;Oncothecales
Liliales;;;;Onocleaceae ;;eupolypod II
Liliales;;;;Onosmaceae; Boraginaceae ;Boraginales
Liliales;;;;Operculariaceae; Rubiaceae ;Gentianales
Liliales;;;;Ophioglossaceae ;;Ophioglossales
Liliales;;;;Ophiopogonaceae; Asparagaceae ;Asparagales
Liliales;;;;Ophioxylaceae; Apocynaceae ;Gentianales
Liliales;;;;Ophiraceae; Grubbiaceae ;Cornales
Liliales;;;;Ophiuraceae; Poaceae ;Poales
Liliales;;;;Ophrydaceae; Orchidaceae ;Asparagales
Liliales;;;;Opiliaceae ;;Santalales
Liliales;;;;Oporanthaceae; Amaryllidaceae ;Asparagales
Liliales;;;;Opuntiaceae; Cactaceae ;Caryophyllales
Liliales;;;;Orchidaceae ;;Asparagales
Liliales;;;;Ornithogalaceae; Asparagaceae ;Asparagales
Liliales;;;;Ornithrophaceae; Cunoniaceae ;Oxalidales
Liliales;;;;Orobanchaceae ;;Lamiales
Liliales;;;;Orontiaceae; Araceae ;Alismatales
Liliales;;;;Ortegaceae; Caryophyllaceae ;Caryophyllales
Liliales;;;;Oryzaceae; Poaceae ;Poales
Liliales;;;;Osyridaceae; Santalaceae ;Santalales
Liliales;;;;Oxalidaceae ;;Oxalidales
Liliales;;;;Oxycladaceae; Plantaginaceae ;Lamiales
Liliales;;;;Oxycoccaceae; Ericaceae ;Ericales
Liliales;;;;Oxystylidaceae; Cleomaceae ;Brassicales
Liliales;;;;Pachysandraceae ; Buxaceae ;Buxales
Liliales;;;;Pacouriaceae; Apocynaceae ;Gentianales
Liliales;;;;Paeoniaceae ;;Saxifragales
Liliales;;;;Pagamaeaceae; Rubiaceae ;Gentianales
Liliales;;;;Paivaeusaceae; Picrodendraceae ;Malpighiales
Liliales;;;;Palmae ;;Arecales
Liliales;;;;Pancratiaceae; Amaryllidaceae ;Asparagales
Liliales;;;;Pandaceae ;;Malpighiales
Liliales;;;;Pandanaceae ;;Pandanales
Liliales;;;;Pangiaceae; Achariaceae ;Malpighiales
Liliales;;;;Panicaceae; Poaceae ;Poales
Liliales;;;;Papaveraceae ;;Ranunculales
Liliales;;;;Papayaceae; Caricaceae ;Brassicales
Liliales;;;;Papilionaceae; Fabaceae ;Fabales
Liliales;;;;Pappophoraceae; Poaceae ;Poales
Liliales;;;;Papyraceae; Cyperaceae ;Poales
Liliales;;;;Paracryphiaceae ;;Paracryphiales
Liliales;;;;Parasitaxaceae; Podocarpaceae ;Cupressales
Liliales;;;;Parianaceae; Poaceae ;Poales
Liliales;;;;Paridaceae; Melanthiaceae ;Liliales
Liliales;;;;Parkeriaceae; Pteridaceae ;Polypodiales
Liliales;;;;Parnassiaceae; Celastraceae ;Celastrales
Liliales;;;;Paronychiaceae; Caryophyllaceae ;Caryophyllales
Liliales;;;;Paropsiaceae; Passifloraceae ;Malpighiales
Liliales;;;;Parrotiaceae; Hamamelidaceae ;Saxifragales
Liliales;;;;Partheniaceae; Asteraceae ;Asterales
Liliales;;;;Paspalaceae; Poaceae ;Poales
Liliales;;;;Passifloraceae ;;Malpighiales
Liliales;;;;Pastinacaceae; Apiaceae ;Apiales
Liliales;;;;Paulliniaceae; Sapindaceae ;Sapindales
Liliales;;;;Paulowniaceae ;;Lamiales
Liliales;;;;Paviaceae; Sapindaceae ;Sapindales
Liliales;;;;Pectiantiaceae; Saxifragaceae ;Saxifragales
Liliales;;;;Pedaliaceae ;;Lamiales
Liliales;;;;Pedicularidaceae; Orobanchaceae ;Lamiales
Liliales;;;;Peganaceae; Nitrariaceae ;Sapindales
Liliales;;;;Peliosanthaceae; Asparagaceae ;Asparagales
Liliales;;;;Pellicieraceae; Tetrameristaceae ;Ericales
Liliales;;;;Peltantheraceae ;;Lamiales
Liliales;;;;Penaeaceae ;;Myrtales
Liliales;;;;Pennantiaceae ;;Apiales
Liliales;;;;Pentadiplandraceae ;;Brassicales
Liliales;;;;Pentapetaceae; Malvaceae ;Malvales
Liliales;;;;Pentaphragmataceae ;;Asterales
Liliales;;;;Pentaphylacaceae ;;Ericales
Liliales;;;;Pentastemonaceae; Stemonaceae ;Pandanales
Liliales;;;;Penthoraceae ;;Saxifragales
Liliales;;;;Peperomiaceae; Piperaceae ;Piperales
Liliales;;;;Peraceae ;;Malpighiales
Liliales;;;;Peranemataceae; Dryopteridaceae ;Polypodiales-eupolypod I
Liliales;;;;Perdiciaceae; Asteraceae ;Asterales
Liliales;;;;Peridiscaceae ;;Saxifragales
Liliales;;;;Periplocaceae; Apocynaceae ;Gentianales
Liliales;;;;Peripterygiaceae; Cardiopteridaceae ;Cardiopteridales
Liliales;;;;Perseaceae; Lauraceae ;Laurales
Liliales;;;;Persicariaceae; Polygonaceae ;Caryophyllales
Liliales;;;;Petenaeaceae ;;Huerteales
Liliales;;;;Petermanniaceae ;;Liliales
Liliales;;;;Petiveriaceae ;;Caryophyllales
Liliales;;;;Petreaceae; Verbenaceae ;Lamiales
Liliales;;;;Petrosaviaceae ;;Petrosaviales
Liliales;;;;Phalaridaceae; Poaceae ;Poales
Liliales;;;;Phaleriaceae; Thymelaeaceae ;Malvales
Liliales;;;;Pharaceae; Poaceae ;Poales
Liliales;;;;Pharnaceaceae; Molluginaceae ;Caryophyllales
Liliales;;;;Phaseolaceae; Fabaceae ;Fabales
Liliales;;;;Phellinaceae ;;Asterales
Liliales;;;;Phelypaeaceae; Orobanchaceae ;Lamiales
Liliales;;;;Pherosphaeraceae; Podocarpaceae ;Cupressales
Liliales;;;;Philadelphaceae; Hydrangeaceae ;Cornales
Liliales;;;;Philesiaceae ;;Liliales
Liliales;;;;Philippodendraceae; Malvaceae ;Malvales
Liliales;;;;Philocrenaceae; Podostemaceae ;Malpighiales
Liliales;;;;Philodendraceae; Araceae ;Alismatales
Liliales;;;;Philydraceae ;;Commelinales
Liliales;;;;Phleaceae; Poaceae ;Poales
Liliales;;;;Phoenicaceae; Arecaceae ;Arecales
Liliales;;;;Phoradendraceae; Santalaceae ;Santalales
Liliales;;;;Phormiaceae; Asphodelaceae ;Asparagales
Liliales;;;;Phrymaceae ;;Lamiales
Liliales;;;;Phylicaceae; Rhamnaceae ;Rosales
Liliales;;;;Phyllanthaceae ;;Malpighiales
Liliales;;;;Phyllocladaceae; Podocarpaceae ;Cupressales
Liliales;;;;Phyllonomaceae ;;Aquifoliales
Liliales;;;;Physenaceae ;;Caryophyllales
Liliales;;;;Phytelephaceae; Arecaceae ;Arecales
Liliales;;;;Phytocrenaceae; Icacinaceae ;Icacinales
Liliales;;;;Phytolaccaceae ;;Caryophyllales
Liliales;;;;Piceaceae; Pinaceae ;Pinales
Liliales;;;;Picramniaceae ;;Picramniales
Liliales;;;;Picridaceae; Asteraceae ;Asterales
Liliales;;;;Picrodendraceae ;;Malpighiales
Liliales;;;;Pilgerodendraceae; Cupressaceae ;Cupressales
Liliales;;;;Pilocarpaceae; Rutaceae ;Sapindales
Liliales;;;;Pilulariaceae; Marsileaceae ;Marsileales
Liliales;;;;Pimpinellaceae; Apiaceae ;Apiales
Liliales;;;;Pinaceae ;;Pinales
Liliales;;;;Pinguiculaceae; Lentibulariaceae ;Lamiales
Liliales;;;;Piperaceae ;;Piperales
Liliales;;;;Piriquetaceae; Passifloraceae ;Malpighiales
Liliales;;;;Pisoniaceae; Nyctaginaceae ;Caryophyllales
Liliales;;;;Pistaciaceae; Anacardiaceae ;Sapindales
Liliales;;;;Pistiaceae; Araceae ;Alismatales
Liliales;;;;Pittosporaceae ;;Apiales
Liliales;;;;Plagianthaceae; Malvaceae ;Malvales
Liliales;;;;Plagiogyraceae ;;Cyatheales
Liliales;;;;Plagiopteraceae; Celastraceae ;Celastrales
Liliales;;;;Plantaginaceae ;;Lamiales
Liliales;;;;Platanaceae ;;Proteales
Liliales;;;;Platycaryaceae; Juglandaceae ;Fagales
Liliales;;;;Platyceriaceae; Polypodiaceae ;Polypodiales-eupolypod I
Liliales;;;;Platycladaceae; Cupressaceae ;Cupressales
Liliales;;;;Platyspermataceae; Alseuosmiaceae ;Asterales
Liliales;;;;Platyzomataceae; Pteridaceae ;Polypodiales
Liliales;;;;Plectroniaceae; Penaeaceae ;Myrtales
Liliales;;;;Pleurisanthaceae; Icacinaceae ;Icacinales
Liliales;;;;Pleurisoriopsidaceae; Polypodiaceae ;Polypodiales-eupolypod I
Liliales;;;;Platystemonaceae; Papaveraceae ;Ranunculales
Liliales;;;;Plocospermataceae ;;Lamiales
Liliales;;;;Plumbaginaceae ;;Caryophyllales
Liliales;;;;Plumeriaceae; Apocynaceae ;Gentianales
Liliales;;;;Poaceae ;;Poales
Liliales;;;;Podoaceae; Anacardiaceae ;Sapindales
Liliales;;;;Podocarpaceae ;;Cupressales
Liliales;;;;Podophyllaceae; Berberidaceae ;Ranunculales
Liliales;;;;Podostemaceae ;;Malpighiales
Liliales;;;;Polemoniaceae ;;Ericales
Liliales;;;;Poliothyrsidaceae; Salicaceae ;Malpighiales
Liliales;;;;Polpodaceae; Molluginaceae ;Caryophyllales
Liliales;;;;Polycarpaeaceae; Caryophyllaceae ;Caryophyllales
Liliales;;;;Polycnemaceae; Amaranthaceae ;Caryophyllales
Liliales;;;;Polygalaceae ;;Fabales
Liliales;;;;Polygonaceae ;;Caryophyllales
Liliales;;;;Polygonanthaceae; Anisophylleaceae ;Cucurbitales
Liliales;;;;Polygonataceae; Asparagaceae ;Asparagales
Liliales;;;;Polyosmaceae; Escalloniaceae ;Escalloniales
Liliales;;;;Polypodiaceae ;;Polypodiales-eupolypod I
Liliales;;;;Polypremaceae; Tetrachondraceae ;Lamiales
Liliales;;;;Pontederiaceae ;;Commelinales
Liliales;;;;Poranaceae; Convolvulaceae ;Solanales
Liliales;;;;Porantheraceae; Phyllanthaceae ;Malpighiales
Liliales;;;;Portulacaceae ;;Caryophyllales
Liliales;;;;Portulacariaceae; Didiereaceae ;Caryophyllales
Liliales;;;;Posidoniaceae ;;Alismatales
Liliales;;;;Potaliaceae; Gentianaceae ;Gentianales
Liliales;;;;Potamogetonaceae ;;Alismatales
Liliales;;;;Potentillaceae; Rosaceae ;Rosales
Liliales;;;;Poteriaceae; Rosaceae ;Rosales
Liliales;;;;Pothaceae; Araceae ;Alismatales
Liliales;;;;Pottingeriaceae; Celastraceae ;Celastrales
Liliales;;;;Primulaceae ;;Ericales
Liliales;;;;Prioniaceae; Thurniaceae ;Poales
Liliales;;;;Prionotaceae; Ericaceae ;Ericales
Liliales;;;;Prockiaceae; Salicaceae ;Malpighiales
Liliales;;;;Proteaceae ;;Proteales
Liliales;;;;Prumnopityaceae; Podocarpaceae ;Cupressales
Liliales;;;;Prunaceae; Rosaceae ;Rosales
Liliales;;;;Pseliaceae; Menispermaceae ;Ranunculales
Liliales;;;;Pseudanthaceae; Picrodendraceae ;Malpighiales
Liliales;;;;Pseudophoenicaceae; Arecaceae ;Arecales
Liliales;;;;Psilotaceae ;;Ophioglossales
Liliales;;;;Psiloxylaceae; Myrtaceae ;Myrtales
Liliales;;;;Psittacanthaceae; Loranthaceae ;Santalales
Liliales;;;;Psychotriaceae; Rubiaceae ;Gentianales
Liliales;;;;Psylliaceae; Plantaginaceae ;Lamiales
Liliales;;;;Ptaeroxylaceae; Rutaceae ;Sapindales
Liliales;;;;Pteleaceae; Rutaceae ;Sapindales
Liliales;;;;Pteleocarpaceae; ?Gelsemiaceae ;Gentianales
Liliales;;;;Pteridaceae ;;Polypodiales
Liliales;;;;Pteridiaceae; Dennstaedtiaceae ;Polypodiales
Liliales;;;;Pteridophyllaceae; Papaveraceae ;Ranunculales
Liliales;;;;Pterisanthaceae; Vitaceae ;Vitales
Liliales;;;;Pterostemonaceae; Iteaceae ;Saxifragales
Liliales;;;;Punicaceae; Lythraceae ;Myrtales
Liliales;;;;Putranjivaceae ;;Malpighiales
Liliales;;;;Pycnanthaceae; Orchidaceae ;Orchidales
Liliales;;;;Pyraceae; Rosaceae ;Rosales
Liliales;;;;Pyrolaceae; Pyroloideae ;Ericales
Liliales;;;;Quassiaceae ; Simaroubaceae ;Sapindales
Liliales;;;;Quercaceae; Fagaceae ;Fagales
Liliales;;;;Quiinaceae; Ochnaceae ;Malpighiales
Liliales;;;;Quillajaceae ;;Fabales
Liliales;;;;Quintiniaceae; Paracryphiaceae ;Paracryphiales
Liliales;;;;Rafflesiaceae ;;Malpighiales
Liliales;;;;Ramondaceae; Gesneriaceae ;Lamiales
Liliales;;;;Randiaceae; Rubiaceae ;Gentianales
Liliales;;;;Ranunculaceae ;;Ranunculales
Liliales;;;;Ranzaniaceae; Berberidaceae ;Ranunculales
Liliales;;;;Rapateaceae ;;Poales
Liliales;;;;Raphanaceae; Brassicaceae ;Brassicales
Liliales;;;;Reaumuriaceae; Tamaricaceae ;Caryophyllales
Liliales;;;;Rehmanniaceae; Orobanchaceae ;Lamiales
Liliales;;;;Resedaceae ;;Brassicales
Liliales;;;;Restionaceae ;;Poales
Liliales;;;;Retziaceae; Stilbaceae ;Lamiales
Liliales;;;;Rhabdodendraceae ;;Caryophyllales
Liliales;;;;Rhachidosoraceae ;;Polypodiales-eupolypod II
Liliales;;;;Rhamnaceae ;;Rosales
Liliales;;;;Rhaptopetalaceae; Lecythidaceae ;Ericales
Liliales;;;;Rhexiaceae; Melastomataceae ;Myrtales
Liliales;;;;Rhinanthaceae; Orobanchaceae ;Lamiales
Liliales;;;;Rhipogonaceae ;;Liliales
Liliales;;;;Rhizophoraceae ;;Malpighiales
Liliales;;;;Rhoaceae; Anacardiaceae ;Sapindales
Liliales;;;;Rhodiolaceae; Crassulaceae ;Saxifragales
Liliales;;;;Rhododendraceae; Ericaceae ;Ericales
Liliales;;;;Rhodolaenaceae; Sarcolaenaceae ;Malvales
Liliales;;;;Rhodoleiaceae; Hamamelidaceae ;Saxifragales
Liliales;;;;Rhodoraceae; Ericaceae ;Ericales
Liliales;;;;Rhodotypaceae; Rosaceae ;Rosales
Liliales;;;;Rhoipteleaceae; Juglandaceae ;Fagales
Liliales;;;;Rhopalocarpaceae; Sphaerosepalaceae ;Malvales
Liliales;;;;Rhynchocalycaceae; Penaeaceae ;Myrtales
Liliales;;;;Rhynchothecaceae; Francoaceae ;Geraniales
Liliales;;;;Ribesiaceae; Grossulariaceae ;Saxifragales
Liliales;;;;Ricinaceae; Euphorbiaceae ;Malpighiales
Liliales;;;;Ricinocarpaceae; Euphorbiaceae ;Malpighiales
Liliales;;;;Rivinaceae; Petiveriaceae ;Caryophyllales
Liliales;;;;Roridulaceae ;;Ericales
Liliales;;;;Rosaceae ;;Rosales
Liliales;;;;Rousseaceae ;;Asterales
Liliales;;;;Roxburghiaceae; Stemonaceae ;Pandanales
Liliales;;;;Rubiaceae ;;Gentianales
Liliales;;;;Rumicaceae; Polygonaceae ;Caryophyllales
Liliales;;;;Ruppiaceae ;;Alismatales
Liliales;;;;Ruscaceae; Asparagaceae ;Asparagales
Liliales;;;;Rutaceae ;;Sapindales
Liliales;;;;Sabalaceae ; Arecaceae ;Arecales
Liliales;;;;Sabiaceae ;;Proteales
Liliales;;;;Sabiceaceae; Rubiaceae ;Gentianales
Liliales;;;;Sabulinaceae; Caryophyllaceae ;Caryophyllales
Liliales;;;;Saccharaceae; Poaceae ;Poales
Liliales;;;;Saccifoliaceae; Gentianaceae ;Gentianales
Liliales;;;;Saccolomataceae ;;Polypodiales
Liliales;;;;Sagaceae; Arecaceae ;Arecales
Liliales;;;;Saginaceae; Caryophyllaceae ;Caryophyllales
Liliales;;;;Sagoneaceae; Hydroleaceae ;Solanales
Liliales;;;;Salaciaceae; Celastraceae ;Celastrales
Liliales;;;;Salaxidaceae; Ericaceae ;Ericales
Liliales;;;;Salazariaceae; Lamiaceae ;Lamiales
Liliales;;;;Salicaceae ;;Malpighiales
Liliales;;;;Salicorniaceae; Amaranthaceae ;Caryophyllales
Liliales;;;;Salpiglossidaceae; Solanaceae ;Solanales
Liliales;;;;Salsolaceae; Amaranthaceae ;Caryophyllales
Liliales;;;;Salvadoraceae ;;Brassicales
Liliales;;;;Salviaceae; Lamiaceae ;Lamiales
Liliales;;;;Salviniaceae ;;Marsileales
Liliales;;;;Sambucaceae; Viburnaceae ;Dipsacales
Liliales;;;;Samolaceae; Primulaceae ;Ericales
Liliales;;;;Samydaceae; Salicaceae ;Malpighiales
Liliales;;;;Sanguisorbaceae; Rosaceae ;Rosales
Liliales;;;;Saniculaceae; Apiaceae ;Apiales
Liliales;;;;Sansevieriaceae; Asparagaceae ;Asparagales
Liliales;;;;Santalaceae ;;Santalales
Liliales;;;;Santolinaceae; Asteraceae ;Asterales
Liliales;;;;Sapindaceae ;;Sapindales
Liliales;;;;Sapotaceae ;;Ericales
Liliales;;;;Sarbaicarpaceae ;;fossil_Sarbaicarpales_??near_Hamamelidales
Liliales;;;;Sarcobataceae ;;Caryophyllales
Liliales;;;;Sarcocaceae; Phytolaccaceae ;Caryophyllales
Liliales;;;;Sarcolaenaceae ;;Malvales
Liliales;;;;Sarcophytaceae; Balanophoraceae ;Santalales
Liliales;;;;Sarcospermataceae; Sapotaceae ;Ericales
Liliales;;;;Sarcostigmataceae; Icacinaceae ;Icacinales
Liliales;;;;Sargentodoxaceae; Lardizabalaceae ;Ranunculales
Liliales;;;;Sarraceniaceae ;;Ericales
Liliales;;;;Saturejaceae; Lamiaceae ;Lamiales
Liliales;;;;Saurauiaceae; Actinidiaceae ;Ericales
Liliales;;;;Saururaceae ;;Piperales
Liliales;;;;Sauvagesiaceae; Ochnaceae ;Malpighiales
Liliales;;;;Saxegothaeaceae; Podocarpaceae ;Cupressales
Liliales;;;;Saxifragaceae ;;Saxifragales
Liliales;;;;Scabiosaceae; Caprifoliaceae ;Dipsacales
Liliales;;;;Scaevolaceae; Goodeniaceae ;Asterales
Liliales;;;;Scandicaceae; Apiaceae ;Apiales
Liliales;;;;Scepaceae; Phyllanthaceae ;Malpighiales
Liliales;;;;Scheuchzeriaceae ;;Alismatales
Liliales;;;;Schinaceae; Anacardiaceae ;Sapindales
Liliales;;;;Schisandraceae ;;Austrobaileyales
Liliales;;;;Schizaeaceae ;;Schizaeales
Liliales;;;;Schizolaenaceae; Sarcolaenaceae ;Malvales
Liliales;;;;Schizopetalaceae; Brassicaceae ;Brassicales
Liliales;;;;Schlegeliaceae ;;Lamiales
Liliales;;;;Schoepfiaceae ;;Santalales
Liliales;;;;Schreberaceae; Oleaceae ;Lamiales
Liliales;;;;Sciadopityaceae ;;Cupressales
Liliales;;;;Scillaceae; Asparagaceae ;Asparagales
Liliales;;;;Scirpaceae; Cyperaceae ;Poales
Liliales;;;;Scleranthaceae; Caryophyllaceae ;Caryophyllales
Liliales;;;;Scleriaceae; Cyperaceae ;Poales
Liliales;;;;Sclerophylacaceae; Solanaceae ;Solanales
Liliales;;;;Scoliopaceae; Streptopoideae ;Liliales
Liliales;;;;Scopariaceae; Plantaginaceae ;Lamiales
Liliales;;;;Scorodocarpaceae; Strombosiaceae ;Santalales
Liliales;;;;Scrophulariaceae ;;Lamiales
Liliales;;;;Scutellariaceae; Lamiaceae ;Lamiales
Liliales;;;;Scybaliaceae; Balanophoraceae ;Santalales
Liliales;;;;Scyphostegiaceae; Salicaceae ;Malpighiales
Liliales;;;;Scytopetalaceae; Lecythidaceae ;Ericales
Liliales;;;;Sebestenaceae; Cordiaceae ;Boraginales
Liliales;;;;Sedaceae; Crassulaceae ;Saxifragales
Liliales;;;;Seguieriaceae; Petiveriaceae ;Caryophyllales
Liliales;;;;Selaginaceae; Scrophulariaceae ;Lamiales
Liliales;;;;Selaginellaceae ;;Lycopodiales
Liliales;;;;Selinaceae; Apiaceae ;Apiales
Liliales;;;;Sempervivaceae; Crassulaceae ;Saxifragales
Liliales;;;;Senecionaceae; Asteraceae ;Asterales
Liliales;;;;Sequoiaceae; Cupressaceae ;Cupressales
Liliales;;;;Serratulaceae; Asteraceae ;Asterales
Liliales;;;;Sesamaceae; Pedaliaceae ;Lamiales
Liliales;;;;Sesleriaceae; Poaceae ;Poales
Liliales;;;;Sesuviaceae; Aizoaceae ;Caryophyllales
Liliales;;;;Setchellanthaceae ;;Brassicales
Liliales;;;;Sheadendraceae; Combretaceae ;Myrtales
Liliales;;;;Sibthorpiaceae; Plantaginaceae ;Lamiales
Liliales;;;;Sidaceae; Malvaceae ;Malvales
Liliales;;;;Silenaceae; Caryophyllaceae ;Caryophyllales
Liliales;;;;Sileraceae; Apiaceae ;Apiales
Liliales;;;;Simabaceae; Simaroubaceae ;Sapindales
Liliales;;;;Simaroubaceae ;;Sapindales
Liliales;;;;Simmondsiaceae ;;Caryophyllales
Liliales;;;;Sinofranchetiaceae; Lardizabalaceae ;Ranunculales
Liliales;;;;Sinopteridaceae; Pteridaceae ;Polypodiales
Liliales;;;;Siparunaceae ;;Laurales
Liliales;;;;Siphonanthaceae; Lamiaceae ;Lamiales
Liliales;;;;Siphonodontaceae; Celastraceae ;Celastrales
Liliales;;;;Sisymbriaceae; Brassicaceae ;Brassicales
Liliales;;;;Sladeniaceae ;;Ericales
Liliales;;;;Smeathmanniaceae; Passifloraceae ;Malpighiales
Liliales;;;;Smilacaceae ;;Liliales
Liliales;;;;Smyrniaceae; Apiaceae ;Apiales
Liliales;;;;Solanaceae ;;Solanales
Liliales;;;;Sonneratiaceae; Lythraceae ;Myrtales
Liliales;;;;Soramiaceae; Dilleniaceae ;Dilleniales
Liliales;;;;Sorbaceae; Rosaceae ;Rosales
Liliales;;;;Soulameaceae; Simaroubaceae ;Sapindales
Liliales;;;;Soyauxiaceae; Peridiscaceae ;Saxifragales
Liliales;;;;Sparganiaceae; Typhaceae ;Poales
Liliales;;;;Sparmanniaceae; Malvaceae ;Malvales
Liliales;;;;Spartinaceae; Poaceae ;Poales
Liliales;;;;Spatheliaceae; Rutaceae ;Sapindales
Liliales;;;;Spergulaceae; Caryophyllaceae ;Caryophyllales
Liliales;;;;Spermacoceaceae; Rubiaceae ;Gentianales
Liliales;;;;Sphaerosepalaceae ;;Malvales
Liliales;;;;Sphenocleaceae ;;Solanales
Liliales;;;;Sphenostemonaceae; Paracryphiaceae ;Paracryphiales
Liliales;;;;Spigeliaceae; Loganiaceae ;Gentianales
Liliales;;;;Spinaciaceae; Amaranthaceae ;Caryophyllales
Liliales;;;;Spiraeaceae; Rosaceae ;Rosales
Liliales;;;;Spiraeanthemaceae; Cunoniaceae ;Oxalidales
Liliales;;;;Spondiadaceae; Anacardiaceae ;Sapindales
Liliales;;;;Sporobolaceae; Poaceae ;Poales
Liliales;;;;Stachydaceae; Lamiaceae ;Lamiales
Liliales;;;;Stachyuraceae ;;Crossosomatales
Liliales;;;;Stackhousiaceae; Celastraceae ;Celastrales
Liliales;;;;Stangeriaceae; Zamiaceae ;Cycadales
Liliales;;;;Stanleyaceae; Brassicaceae ;Brassicales
Liliales;;;;Stapeliaceae; Apocynaceae ;Gentianales
Liliales;;;;Staphyleaceae ;;Crossosomatales
Liliales;;;;Staticaceae; Plumbaginaceae ;Caryophyllales
Liliales;;;;Stegnospermataceae ;;Caryophyllales
Liliales;;;;Stellariaceae; Caryophyllaceae ;Caryophyllales
Liliales;;;;Stemonaceae ;;Pandanales
Liliales;;;;Stemonuraceae ;;Cardiopteridales
Liliales;;;;Stenomeridaceae; Dioscoreaceae ;Dioscoreales
Liliales;;;;Sterculiaceae; Malvaceae ;Malvales
Liliales;;;;Stilaginaceae; Phyllanthaceae ;Malpighiales
Liliales;;;;Stilbaceae ;;Lamiales
Liliales;;;;Stipaceae; Poaceae ;Poales
Liliales;;;;Stixidaceae; Resedaceae ;Brassicales
Liliales;;;;Strasburgeriaceae ;;Crossosomatales
Liliales;;;;Stratiotaceae; Hydrocharitaceae ;Alismatales
Liliales;;;;Strelitziaceae ;;Zingiberales
Liliales;;;;Streptochaetaceae; Poaceae ;Poales
Liliales;;;;Stromatopteridaceae; Gleicheniaceae;Gleicheniales
Liliales;;;;Strombosiaceae ;;Santalales
Liliales;;;;Strumariaceae; Amaryllidaceae ;Asparagales
Liliales;;;;Strychnaceae; Loganiaceae ;Gentianales
Liliales;;;;Stylidiaceae ;;Asterales
Liliales;;;;Stylobasiaceae; Surianaceae ;Fabales
Liliales;;;;Stylocerataceae; Buxaceae ;Buxales
Liliales;;;;Stypheliaceae; Ericaceae ;Ericales
Liliales;;;;Styracaceae ;;Ericales
Liliales;;;;Surianaceae ;;Fabales
Liliales;;;;Swartziaceae; Fabaceae ;Fabales
Liliales;;;;Swieteniaceae; Meliaceae ;Sapindales
Liliales;;;;Symphoremataceae; Lamiaceae ;Lamiales
Liliales;;;;Symplocaceae ;;Ericales
Liliales;;;;Synechanthaceae; Arecaceae ;Arecales
Liliales;;;;Syringaceae; Oleaceae ;Lamiales
Liliales;;;;Taccaceae ;;Dioscoreales
Liliales;;;;Taenitidaceae; Pteridaceae ;Polypodiales
Liliales;;;;Taiwaniaceae; Cupressaceae ;Cupressales
Liliales;;;;Taktajaniaceae; Winteraceae ;Canellales
Liliales;;;;Talinaceae ;;Caryophyllales
Liliales;;;;Tamaceae; Dioscoreaceae ;Dioscoreales
Liliales;;;;Tamaricaceae ;;Caryophyllales
Liliales;;;;Tamarindaceae; Fabaceae ;Fabales
Liliales;;;;Tamnaceae; Dioscoreaceae ;Dioscoreales
Liliales;;;;Tanacetaceae; Asteraceae ;Asterales
Liliales;;;;Tapisciaceae ;;Huerteales
Liliales;;;;Taxaceae ;;Cupressales
Liliales;;;;Taxodiaceae; Cupressaceae ;Cupressales
Liliales;;;;Tecophilaeaceae ;;Asparagales
Liliales;;;;Tectariaceae ;;Polypodiales-eupolypod I
Liliales;;;;Telephiaceae; Caryophyllaceae ;Caryophyllales
Liliales;;;;Tepuianthaceae; Thymelaeaceae ;Malvales
Liliales;;;;Terminaliaceae; Combretaceae ;Myrtales
Liliales;;;;Ternstroemiaceae; Pentaphylacaceae ;Ericales
Liliales;;;;Tetracarpaeaceae ;;Saxifragales
Liliales;;;;Tetracentraceae; Trochodendraceae ;Trochodendrales
Liliales;;;;Tetrachondraceae ;;Lamiales
Liliales;;;;Tetraclinaceae; Cupressaceae ;Cupressales
Liliales;;;;Tetradiclidaceae; Nitrariaceae ;Sapindales
Liliales;;;;Tetragoniaceae; Aizoaceae ;Caryophyllales
Liliales;;;;Tetramelaceae ;;Cucurbitales
Liliales;;;;Tetrameristaceae ;;Ericales
Liliales;;;;Tetrastylidiaceae; Strombosiaceae ;Santalales
Liliales;;;;Tetrathecaceae; Elaeocarpaceae ;Oxalidales
Liliales;;;;Thalassiaceae; Hydrocharitaceae ;Alismatales
Liliales;;;;Thalictraceae; Ranunculaceae ;Ranunculales
Liliales;;;;Theaceae ;;Ericales
Liliales;;;;Theligonaceae; Rubiaceae ;Gentianales
Liliales;;;;Thelypteridaceae ;;Polypodiales-eupolypod II
Liliales;;;;Themidaceae; Asparagaceae ;Asparagales
Liliales;;;;Theobromataceae; Malvaceae ;Malvales
Liliales;;;;Theophrastaceae; Primulaceae ;Ericales
Liliales;;;;Thesiaceae; Santalaceae ;Santalales
Liliales;;;;Thismiaceae ;;Dioscoreales
Liliales;;;;Thlaspiaceae; Brassicaceae ;Brassicales
Liliales;;;;Thoaceae; Gnetaceae ;Gnetales
Liliales;;;;Thomandersiaceae ;;Lamiales
Liliales;;;;Thujaceae; Cupressaceae ;Cupressales
Liliales;;;;Thujopsidaceae; Cupressaceae ;Cupressales
Liliales;;;;Thunbergiaceae; Acanthaceae ;Lamiales
Liliales;;;;Thurniaceae ;;Poales
Liliales;;;;Thymelaeaceae ;;Malvales
Liliales;;;;Thyrsopteridaceae ;;Cyatheales
Liliales;;;;Ticodendraceae ;;Fagales
Liliales;;;;Tiganophytaceae ;;Brassicales
Liliales;;;;Tiliaceae; Malvaceae ;Malvales
Liliales;;;;Tillaeaceae; Crassulaceae ;Saxifragales
Liliales;;;;Tillandsiaceae; Bromeliaceae ;Poales
Liliales;;;;Tinaceae; Viburnaceae ;Dipsacales
Liliales;;;;Tithymalaceae; Euphorbiaceae ;Malpighiales
Liliales;;;;Tmesipteridaceae; Psilotaceae ;Ophioglossales
Liliales;;;;Tofieldiaceae ;;Alismatales
Liliales;;;;Tormentillaceae; Rosaceae ;Rosales
Liliales;;;;Torreyaceae; Taxaceae ;Cupressales
Liliales;;;;Torricelliaceae ;;Apiales
Liliales;;;;Tovariaceae ;;Brassicales
Liliales;;;;Tradescantiaceae; Commelinaceae ;Commelinales
Liliales;;;;Tragiaceae; Euphorbiaceae ;Malpighiales
Liliales;;;;Trapaceae; Lythraceae ;Myrtales
Liliales;;;;Trapellaceae; Plantaginaceae ;Lamiales
Liliales;;;;Tremandraceae; Elaeocarpaceae ;Oxalidales
Liliales;;;;Trewiaceae; Euphorbiaceae ;Malpighiales
Liliales;;;;Tribelaceae; Escalloniaceae ;Escalloniales
Liliales;;;;Tribulaceae; Zygophyllaceae ;Zygophyllales
Liliales;;;;Trichomanaceae; Hymenophyllaceae ;Hymenophyllales
Liliales;;;;Trichopodaceae; Dioscoreaceae ;Dioscoreales
Liliales;;;;Tricyrtidaceae; Calochortoideae ;Liliales
Liliales;;;;Trifoliaceae; Fabaceae ;Fabales
Liliales;;;;Triglochinaceae; Juncaginaceae ;Alismatales
Liliales;;;;Trigoniaceae ;;Malpighiales
Liliales;;;;Trilliaceae; Melanthiaceae ;Liliales
Liliales;;;;Trimeniaceae ;;Austrobaileyales
Liliales;;;;Triplobaceae; Malvaceae ;Malvales
Liliales;;;;Triplochitonaceae; Malvaceae ;Malvales
Liliales;;;;Triplostegiaceae; Caprifoliaceae ;Dipsacales
Liliales;;;;Tristichaceae; Podostemaceae ;Malpighiales
Liliales;;;;Triticaceae; Poaceae ;Poales
Liliales;;;;Triuridaceae ;;Pandanales
Liliales;;;;Trochodendraceae ;;Trochodendrales
Liliales;;;;Tropaeolaceae ;;Brassicales
Liliales;;;;Tulbaghiaceae; Amaryllidaceae ;Asparagales
Liliales;;;;Tulipaceae; Liliaceae ;Liliales
Liliales;;;;Tumboaceae; Welwitschiaceae ;Gnetales
Liliales;;;;Tupistraceae; Asparagaceae ;Asparagales
Liliales;;;;Turneraceae; Passifloraceae ;Malpighiales
Liliales;;;;Tussilagaceae; Asteraceae ;Asterales
Liliales;;;;Typhaceae ;;Poales
Liliales;;;;Uapacaceae ; Phyllanthaceae ;Malpighiales
Liliales;;;;Ullucaceae; Basellaceae ;Caryophyllales
Liliales;;;;Ulmaceae ;;Rosales
Liliales;;;;Ulmariaceae; Rosaceae ;Rosales
Liliales;;;;Umbelliferae; Apiaceae ;Apiales
Liliales;;;;Unisemataceae; Pontederiaceae ;Commelinales
Liliales;;;;Urticaceae ;;Rosales
Liliales;;;;Utriculariaceae; Lentibulariaceae ;Lamiales
Liliales;;;;Uvulariaceae; Colchicaceae ;Liliales
Liliales;;;;Vacciniaceae ; Ericaceae ;Ericales
Liliales;;;;Vahliaceae ;;Vahliales
Liliales;;;;Valerianaceae; Caprifoliaceae ;Dipsacales
Liliales;;;;Vallisneriaceae; Hydrocharitaceae ;Alismatales
Liliales;;;;Vanillaceae; Orchidaceae ;Asparagales
Liliales;;;;Velloziaceae ;;Pandanales
Liliales;;;;Veratraceae; Melanthiaceae ;Liliales
Liliales;;;;Verbascaceae; Scrophulariaceae ;Lamiales
Liliales;;;;Verbenaceae ;;Lamiales
Liliales;;;;Vernicaceae; Anacardiaceae ;Sapindales
Liliales;;;;Vernoniaceae; Asteraceae ;Asterales
Liliales;;;;Veronicaceae; Plantaginaceae ;Lamiales
Liliales;;;;Viburnaceae ;;Dipsacales
Liliales;;;;Viciaceae; Fabaceae ;Fabales
Liliales;;;;Vincaceae; Apocynaceae ;Gentianales
Liliales;;;;Violaceae ;;Malpighiales
Liliales;;;;Viscaceae; Santalaceae ;Santalales
Liliales;;;;Vitaceae ;;Vitales
Liliales;;;;Viticaceae; Lamiaceae ;Lamiales
Liliales;;;;Vittariaceae; Pteridaceae ;Polypodiales
Liliales;;;;Vivianiaceae; Francoaceae ;Geraniales
Liliales;;;;Vochysiaceae ;;Myrtales
Liliales;;;;Wachendorfiaceae ; Haemodoraceae ;Commelinales
Liliales;;;;Walleriaceae; Tecophilaeaceae ;Asparagales
Liliales;;;;Wellingtoniaceae; Sabiaceae ;Sabiales
Liliales;;;;Wellstediaceae ;;Boraginales
Liliales;;;;Welwitschiaceae ;;Gnetales
Liliales;;;;Widdringtoniaceae; Cupressaceae ;Cupressales
Liliales;;;;Wightiaceae ;;Lamiales
Liliales;;;;Willughbieaceae; Apocynaceae ;Gentianales
Liliales;;;;Winteraceae ;;Canellales
Liliales;;;;Winteranaceae; Canellaceae ;Canellales
Liliales;;;;Wolffiaceae; Araceae ;Alismatales
Liliales;;;;Woodsiaceae ;;eupolypod II
Liliales;;;;Xanthiaceae ; Asteraceae ;Asterales
Liliales;;;;Xanthoceratceae; Sapindaceae ;Sapindales
Liliales;;;;Xanthophyllaceae; Polygalaceae ;Fabales
Liliales;;;;Xanthorrhoeaceae; Asphodelaceae ;Asparagales
Liliales;;;;Xeranthemaceae; Asteraceae ;Asterales
Liliales;;;;Xeronemataceae ;;Asparagales
Liliales;;;;Xerophyllaceae; Melanthiaceae ;Liliales
Liliales;;;;Ximeniaceae ;;Santalales
Liliales;;;;Xiphidiaceae; Haemodoraceae ;Commelinales
Liliales;;;;Xyridaceae ;;Poales
Liliales;;;;Yuccaceae ; Asparagaceae ;Asparagales
Liliales;;;;Zamiaceae ;;Cycadales
Liliales;;;;Zannichelliaceae; Potamogetonaceae ;Alismatales
Liliales;;;;Zanoniaceae; Cucurbitaceae ;Cucurbitales
Liliales;;;;Zanthoxylaceae; Rutaceae ;Sapindales
Liliales;;;;Zeaceae; Poaceae ;Poales
Liliales;;;;Zephyranthaceae; Amaryllidaceae ;Asparagales
Liliales;;;;Zingiberaceae ;;Zingiberales
Liliales;;;;Ziziphaceae; Rhamnaceae ;Rosales
Liliales;;;;Zosteraceae ;;Alismatales
Liliales;;;;Zoysiaceae; Poaceae ;Poales
Liliales;;;;Zygophyllaceae ;;Zygophyllales
